,,Raw.Average,Raw.Average,Raw.Average,Raw.Average,Raw.Average,Raw.Average,Raw.Average,Raw.Average,Raw.Average,Raw.Average,Raw.Average,Raw.Average,Raw.Average,Raw.Average,Raw.Average,Raw.Average,Raw.STD,Raw.STD,Raw.STD,Raw.STD,Raw.STD,Raw.STD,Raw.STD,Raw.STD,Raw.STD,Raw.STD,Raw.STD,Raw.STD,Raw.STD,Raw.STD,Raw.STD,Raw.STD,Raw.RSD,Raw.RSD,Raw.RSD,Raw.RSD,Raw.RSD,Raw.RSD,Raw.RSD,Raw.RSD,Raw.RSD,Raw.RSD,Raw.RSD,Raw.RSD,Raw.RSD,Raw.RSD,Raw.RSD,Raw.RSD,Raw.Ratio.Average,Raw.Ratio.Average,Raw.Ratio.Average,Raw.Ratio.Average,Raw.Ratio.Average,Raw.Ratio.Average,Raw.Ratio.Average,Raw.Ratio.Average,Raw.Ratio.Average,Raw.Ratio.Average,Raw.Ratio.Average,Raw.Ratio.STD,Raw.Ratio.STD,Raw.Ratio.STD,Raw.Ratio.STD,Raw.Ratio.STD,Raw.Ratio.STD,Raw.Ratio.STD,Raw.Ratio.STD,Raw.Ratio.STD,Raw.Ratio.STD,Raw.Ratio.STD,Raw.Ratio.RSD,Raw.Ratio.RSD,Raw.Ratio.RSD,Raw.Ratio.RSD,Raw.Ratio.RSD,Raw.Ratio.RSD,Raw.Ratio.RSD,Raw.Ratio.RSD,Raw.Ratio.RSD,Raw.Ratio.RSD,Raw.Ratio.RSD,Raw.Ratio,Raw.Ratio,Raw.Ratio,Raw.Ratio,Raw.Ratio,Raw.Ratio,Raw.Ratio,Raw.Ratio,Raw.Ratio,Raw.Ratio,Raw.Ratio,Raw.Ratio,Raw.Ratio,Raw.Ratio,Raw.Ratio,Raw.Ratio,Raw.Ratio,Raw.Ratio,Raw.Ratio,Raw.Ratio,Raw.Ratio,Raw.Ratio,Raw.Ratio,Raw.Ratio,Raw.Ratio,Raw.Ratio,Raw.Ratio,Raw.Ratio,Raw.Ratio,Raw.Ratio,Raw.Ratio,Raw.Ratio,Raw.Ratio,Raw.Ratio,Raw.Ratio,Raw.Ratio,Raw.Ratio,Raw.Ratio,Raw.Ratio,Raw.Ratio,Raw.Ratio,Raw.Ratio,Raw.Ratio,Raw.Ratio,Raw.Ratio,Raw.Ratio,Raw.Ratio,Raw.Ratio,Raw.Ratio,Raw.Ratio,Raw.Ratio,Raw.Ratio,Raw.Ratio,Raw.Ratio,Raw.Ratio,Raw.Ratio,Raw.Ratio,Raw.Ratio,Raw.Ratio,Raw.Ratio,Raw.Ratio,Raw.Ratio,Raw.Ratio,Raw.Ratio,Raw.Ratio,Raw.Ratio,Raw.Ratio,Raw.Ratio,Raw.Ratio,Raw.Ratio,Raw.Ratio,Raw.Ratio,Raw.Ratio,Raw.Ratio,Raw.Ratio,Raw.Ratio,Raw.Ratio,Raw.Ratio,Raw.Ratio,Raw.Ratio,Raw.Ratio,Raw.Ratio,Raw.Ratio,Raw.Ratio,Raw.Ratio,Raw.Ratio,Raw.Ratio,Raw.Ratio,Raw.Ratio,Raw.Ratio,Raw.Ratio,Raw.Ratio,Raw.Ratio,Raw.Ratio,Raw.Ratio,Raw.Ratio,Raw.Ratio,Raw.Ratio,Raw.Ratio,Raw.Ratio,Raw.Ratio,Raw.Ratio,Raw.Ratio,Raw.Ratio,Raw.Ratio,Raw.Ratio,Raw.Ratio,Raw.Ratio,Raw.Ratio,Raw.Ratio,Raw.RawIntensityPerRun,Raw.RawIntensityPerRun,Raw.RawIntensityPerRun,Raw.RawIntensityPerRun,Raw.RawIntensityPerRun,Raw.RawIntensityPerRun,Raw.RawIntensityPerRun,Raw.RawIntensityPerRun,Raw.RawIntensityPerRun,Raw.RawIntensityPerRun,Raw.RawIntensityPerRun,Raw.RawIntensityPerRun,Raw.RawIntensityPerRun,Raw.RawIntensityPerRun,Raw.RawIntensityPerRun,Raw.RawIntensityPerRun,Raw.RawIntensityPerRun,Raw.RawIntensityPerRun,Raw.RawIntensityPerRun,Raw.RawIntensityPerRun,Raw.RawIntensityPerRun,Raw.RawIntensityPerRun,Raw.RawIntensityPerRun,Raw.RawIntensityPerRun,Raw.RawIntensityPerRun,Raw.RawIntensityPerRun,Raw.RawIntensityPerRun,Raw.RawIntensityPerRun,Raw.RawIntensityPerRun,Raw.RawIntensityPerRun,Raw.RawIntensityPerRun,Raw.RawIntensityPerRun,Raw.RawIntensityPerRun,Raw.RawIntensityPerRun,Raw.RawIntensityPerRun,Raw.RawIntensityPerRun,Raw.RawIntensityPerRun,Raw.RawIntensityPerRun,Raw.RawIntensityPerRun,Raw.RawIntensityPerRun,Raw.RawIntensityPerRun,Raw.RawIntensityPerRun,Raw.RawIntensityPerRun,Raw.RawIntensityPerRun,Raw.RawIntensityPerRun,Raw.RawIntensityPerRun,Raw.RawIntensityPerRun,Raw.RawIntensityPerRun,Raw.RawIntensityPerRun,Raw.RawIntensityPerRun,Raw.RawIntensityPerRun,Raw.RawIntensityPerRun,Raw.RawIntensityPerRun,Raw.RawIntensityPerRun,Raw.RawIntensityPerRun,Raw.RawIntensityPerRun,Raw.RawIntensityPerRun,Raw.RawIntensityPerRun,Raw.RawIntensityPerRun,Raw.RawIntensityPerRun,Raw.RawIntensityPerRun,Raw.RawIntensityPerRun,Raw.RawIntensityPerRun,Raw.RawIntensityPerRun,Raw.RawIntensityPerRun,Raw.RawIntensityPerRun,Raw.RawIntensityPerRun,Raw.RawIntensityPerRun,Raw.RawIntensityPerRun,Raw.RawIntensityPerRun,Raw.RawIntensityPerRun,Raw.RawIntensityPerRun,Raw.RawIntensityPerRun,Raw.RawIntensityPerRun,Raw.RawIntensityPerRun,Raw.RawIntensityPerRun,Raw.RawIntensityPerRun,Raw.RawIntensityPerRun,Raw.RawIntensityPerRun,Raw.RawIntensityPerRun,Raw.RawIntensityPerRun,Raw.RawIntensityPerRun,Raw.RawIntensityPerRun,Raw.RawIntensityPerRun,Raw.RawIntensityPerRun,Raw.RawIntensityPerRun,Raw.RawIntensityPerRun,Raw.RawIntensityPerRun,Raw.RawIntensityPerRun,Raw.RawIntensityPerRun,Raw.RawIntensityPerRun,Raw.RawIntensityPerRun,Raw.RawIntensityPerRun,Raw.RawIntensityPerRun,Raw.RawIntensityPerRun,Raw.RawIntensityPerRun,Raw.RawIntensityPerRun,Raw.RawIntensityPerRun,Raw.RawIntensityPerRun,Raw.RawIntensityPerRun,Raw.RawIntensityPerRun,Raw.RawIntensityPerRun,Raw.RawIntensityPerRun,Raw.RawIntensityPerRun,Raw.RawIntensityPerRun,Raw.RawIntensityPerRun,Raw.RawIntensityPerRun,Raw.RawIntensityPerRun,Raw.RawIntensityPerRun,Raw.RawIntensityPerRun,Raw.RawIntensityPerRun,Raw.RawIntensityPerRun,Raw.RawIntensityPerRun,Raw.RawIntensityPerRun,Raw.RawIntensityPerRun,Raw.RawIntensityPerRun,Raw.RawIntensityPerRun,Raw.RawIntensityPerRun,Raw.RawIntensityPerRun,Raw.RawIntensityPerRun,Raw.RawIntensityPerRun,Raw.RawIntensityPerRun,Raw.RawIntensityPerRun,Raw.RawIntensityPerRun,Raw.RawIntensityPerRun,Raw.RawIntensityPerRun,Raw.RawIntensityPerRun,Raw.RawIntensityPerRun,Raw.RawIntensityPerRun,Raw.RawIntensityPerRun,Raw.RawIntensityPerRun,Raw.RawIntensityPerRun,Raw.RawIntensityPerRun,Raw.RawIntensityPerRun,Raw.RawIntensityPerRun,Raw.RawIntensityPerRun,Raw.RawIntensityPerRun,Raw.RawIntensityPerRun,Raw.RawIntensityPerRun,Raw.RawIntensityPerRun,Raw.RawIntensityPerRun,Raw.RawIntensityPerRun,Raw.RawIntensityPerRun,Raw.RawIntensityPerRun,Raw.RawIntensityPerRun,Raw.RawIntensityPerRun,Raw.RawIntensityPerRun,Raw.RawIntensityPerRun,Raw.RawIntensityPerRun,Raw.RawIntensityPerRun,Raw.RawIntensityPerRun,Raw.RawIntensityPerRun,Raw.RawIntensityPerRun,Raw.RawIntensityPerRun,Raw.RawIntensityPerRun,Raw.RawIntensityPerRun,Raw.RawIntensityPerRun,Raw.RawIntensityPerRun,Raw.RawIntensityPerRun,Raw.RawIntensityPerRun,Raw.RawIntensityAverage,Raw.RawIntensityAverage,Raw.RawIntensityAverage,Raw.RawIntensityAverage,Raw.RawIntensityAverage,Raw.RawIntensityAverage,Raw.RawIntensityAverage,Raw.RawIntensityAverage,Raw.RawIntensityAverage,Raw.RawIntensityAverage,Raw.RawIntensityAverage,Raw.RawIntensityAverage,Raw.RawIntensityAverage,Raw.RawIntensityAverage,Raw.RawIntensityAverage,Raw.RawIntensityAverage
,,0,0,0,0,0,0,0,0,0,0,0,0,0,0,0,0,0,0,0,0,0,0,0,0,0,0,0,0,0,0,0,0,0,0,0,0,0,0,0,0,0,0,0,0,0,0,0,0,0,0,0,0,0,0,0,0,0,0,0,0,0,0,0,0,0,0,0,0,0,0,0,0,0,0,0,0,0,0,0,0,0,0,0,0,0,0,0,0,0,0,0,0,1,1,1,1,1,1,1,1,1,1,1,2,2,2,2,2,2,2,2,2,2,2,3,3,3,3,3,3,3,3,3,3,3,4,4,4,4,4,4,4,4,4,4,4,5,5,5,5,5,5,5,5,5,5,5,6,6,6,6,6,6,6,6,6,6,6,7,7,7,7,7,7,7,7,7,7,7,8,8,8,8,8,8,8,8,8,8,8,9,9,9,9,9,9,9,9,9,9,9,0,0,0,0,0,0,0,0,0,0,0,0,0,0,0,0,1,1,1,1,1,1,1,1,1,1,1,1,1,1,1,1,2,2,2,2,2,2,2,2,2,2,2,2,2,2,2,2,3,3,3,3,3,3,3,3,3,3,3,3,3,3,3,3,4,4,4,4,4,4,4,4,4,4,4,4,4,4,4,4,5,5,5,5,5,5,5,5,5,5,5,5,5,5,5,5,6,6,6,6,6,6,6,6,6,6,6,6,6,6,6,6,7,7,7,7,7,7,7,7,7,7,7,7,7,7,7,7,8,8,8,8,8,8,8,8,8,8,8,8,8,8,8,8,9,9,9,9,9,9,9,9,9,9,9,9,9,9,9,9,0,0,0,0,0,0,0,0,0,0,0,0,0,0,0,0
,,144Sm (KED),146Nd (KED),147Sm (KED),148Sm (KED),149Sm (KED),150Sm (KED),152Sm (KED),154Sm (KED),157Gd (KED),229Th (KED),230Th (KED),232Th (KED),233U (KED),235U (KED),236U (KED),238U (KED),144Sm (KED),146Nd (KED),147Sm (KED),148Sm (KED),149Sm (KED),150Sm (KED),152Sm (KED),154Sm (KED),157Gd (KED),229Th (KED),230Th (KED),232Th (KED),233U (KED),235U (KED),236U (KED),238U (KED),144Sm (KED),146Nd (KED),147Sm (KED),148Sm (KED),149Sm (KED),150Sm (KED),152Sm (KED),154Sm (KED),157Gd (KED),229Th (KED),230Th (KED),232Th (KED),233U (KED),235U (KED),236U (KED),238U (KED),238U (KED) / 235U (KED),238U (KED) / 236U (KED),232Th (KED) / 230Th (KED),152Sm (KED) / 149Sm (KED),144Sm (KED) / 152Sm (KED),147Sm (KED) / 152Sm (KED),148Sm (KED) / 152Sm (KED),150Sm (KED) / 152Sm (KED),154Sm (KED) / 152Sm (KED),238U (KED) / 233U (KED),232Th (KED) / 229Th (KED),238U (KED) / 235U (KED),238U (KED) / 236U (KED),232Th (KED) / 230Th (KED),152Sm (KED) / 149Sm (KED),144Sm (KED) / 152Sm (KED),147Sm (KED) / 152Sm (KED),148Sm (KED) / 152Sm (KED),150Sm (KED) / 152Sm (KED),154Sm (KED) / 152Sm (KED),238U (KED) / 233U (KED),232Th (KED) / 229Th (KED),238U (KED) / 235U (KED),238U (KED) / 236U (KED),232Th (KED) / 230Th (KED),152Sm (KED) / 149Sm (KED),144Sm (KED) / 152Sm (KED),147Sm (KED) / 152Sm (KED),148Sm (KED) / 152Sm (KED),150Sm (KED) / 152Sm (KED),154Sm (KED) / 152Sm (KED),238U (KED) / 233U (KED),232Th (KED) / 229Th (KED),238U (KED) / 235U (KED),238U (KED) / 236U (KED),232Th (KED) / 230Th (KED),152Sm (KED) / 149Sm (KED),144Sm (KED) / 152Sm (KED),147Sm (KED) / 152Sm (KED),148Sm (KED) / 152Sm (KED),150Sm (KED) / 152Sm (KED),154Sm (KED) / 152Sm (KED),238U (KED) / 233U (KED),232Th (KED) / 229Th (KED),238U (KED) / 235U (KED),238U (KED) / 236U (KED),232Th (KED) / 230Th (KED),152Sm (KED) / 149Sm (KED),144Sm (KED) / 152Sm (KED),147Sm (KED) / 152Sm (KED),148Sm (KED) / 152Sm (KED),150Sm (KED) / 152Sm (KED),154Sm (KED) / 152Sm (KED),238U (KED) / 233U (KED),232Th (KED) / 229Th (KED),238U (KED) / 235U (KED),238U (KED) / 236U (KED),232Th (KED) / 230Th (KED),152Sm (KED) / 149Sm (KED),144Sm (KED) / 152Sm (KED),147Sm (KED) / 152Sm (KED),148Sm (KED) / 152Sm (KED),150Sm (KED) / 152Sm (KED),154Sm (KED) / 152Sm (KED),238U (KED) / 233U (KED),232Th (KED) / 229Th (KED),238U (KED) / 235U (KED),238U (KED) / 236U (KED),232Th (KED) / 230Th (KED),152Sm (KED) / 149Sm (KED),144Sm (KED) / 152Sm (KED),147Sm (KED) / 152Sm (KED),148Sm (KED) / 152Sm (KED),150Sm (KED) / 152Sm (KED),154Sm (KED) / 152Sm (KED),238U (KED) / 233U (KED),232Th (KED) / 229Th (KED),238U (KED) / 235U (KED),238U (KED) / 236U (KED),232Th (KED) / 230Th (KED),152Sm (KED) / 149Sm (KED),144Sm (KED) / 152Sm (KED),147Sm (KED) / 152Sm (KED),148Sm (KED) / 152Sm (KED),150Sm (KED) / 152Sm (KED),154Sm (KED) / 152Sm (KED),238U (KED) / 233U (KED),232Th (KED) / 229Th (KED),238U (KED) / 235U (KED),238U (KED) / 236U (KED),232Th (KED) / 230Th (KED),152Sm (KED) / 149Sm (KED),144Sm (KED) / 152Sm (KED),147Sm (KED) / 152Sm (KED),148Sm (KED) / 152Sm (KED),150Sm (KED) / 152Sm (KED),154Sm (KED) / 152Sm (KED),238U (KED) / 233U (KED),232Th (KED) / 229Th (KED),238U (KED) / 235U (KED),238U (KED) / 236U (KED),232Th (KED) / 230Th (KED),152Sm (KED) / 149Sm (KED),144Sm (KED) / 152Sm (KED),147Sm (KED) / 152Sm (KED),148Sm (KED) / 152Sm (KED),150Sm (KED) / 152Sm (KED),154Sm (KED) / 152Sm (KED),238U (KED) / 233U (KED),232Th (KED) / 229Th (KED),238U (KED) / 235U (KED),238U (KED) / 236U (KED),232Th (KED) / 230Th (KED),152Sm (KED) / 149Sm (KED),144Sm (KED) / 152Sm (KED),147Sm (KED) / 152Sm (KED),148Sm (KED) / 152Sm (KED),150Sm (KED) / 152Sm (KED),154Sm (KED) / 152Sm (KED),238U (KED) / 233U (KED),232Th (KED) / 229Th (KED),238U (KED) / 235U (KED),238U (KED) / 236U (KED),232Th (KED) / 230Th (KED),152Sm (KED) / 149Sm (KED),144Sm (KED) / 152Sm (KED),147Sm (KED) / 152Sm (KED),148Sm (KED) / 152Sm (KED),150Sm (KED) / 152Sm (KED),154Sm (KED) / 152Sm (KED),238U (KED) / 233U (KED),232Th (KED) / 229Th (KED),238U (KED) / 235U (KED),238U (KED) / 236U (KED),232Th (KED) / 230Th (KED),152Sm (KED) / 149Sm (KED),144Sm (KED) / 152Sm (KED),147Sm (KED) / 152Sm (KED),148Sm (KED) / 152Sm (KED),150Sm (KED) / 152Sm (KED),154Sm (KED) / 152Sm (KED),238U (KED) / 233U (KED),232Th (KED) / 229Th (KED),144Sm (KED),146Nd (KED),147Sm (KED),148Sm (KED),149Sm (KED),150Sm (KED),152Sm (KED),154Sm (KED),157Gd (KED),229Th (KED),230Th (KED),232Th (KED),233U (KED),235U (KED),236U (KED),238U (KED),144Sm (KED),146Nd (KED),147Sm (KED),148Sm (KED),149Sm (KED),150Sm (KED),152Sm (KED),154Sm (KED),157Gd (KED),229Th (KED),230Th (KED),232Th (KED),233U (KED),235U (KED),236U (KED),238U (KED),144Sm (KED),146Nd (KED),147Sm (KED),148Sm (KED),149Sm (KED),150Sm (KED),152Sm (KED),154Sm (KED),157Gd (KED),229Th (KED),230Th (KED),232Th (KED),233U (KED),235U (KED),236U (KED),238U (KED),144Sm (KED),146Nd (KED),147Sm (KED),148Sm (KED),149Sm (KED),150Sm (KED),152Sm (KED),154Sm (KED),157Gd (KED),229Th (KED),230Th (KED),232Th (KED),233U (KED),235U (KED),236U (KED),238U (KED),144Sm (KED),146Nd (KED),147Sm (KED),148Sm (KED),149Sm (KED),150Sm (KED),152Sm (KED),154Sm (KED),157Gd (KED),229Th (KED),230Th (KED),232Th (KED),233U (KED),235U (KED),236U (KED),238U (KED),144Sm (KED),146Nd (KED),147Sm (KED),148Sm (KED),149Sm (KED),150Sm (KED),152Sm (KED),154Sm (KED),157Gd (KED),229Th (KED),230Th (KED),232Th (KED),233U (KED),235U (KED),236U (KED),238U (KED),144Sm (KED),146Nd (KED),147Sm (KED),148Sm (KED),149Sm (KED),150Sm (KED),152Sm (KED),154Sm (KED),157Gd (KED),229Th (KED),230Th (KED),232Th (KED),233U (KED),235U (KED),236U (KED),238U (KED),144Sm (KED),146Nd (KED),147Sm (KED),148Sm (KED),149Sm (KED),150Sm (KED),152Sm (KED),154Sm (KED),157Gd (KED),229Th (KED),230Th (KED),232Th (KED),233U (KED),235U (KED),236U (KED),238U (KED),144Sm (KED),146Nd (KED),147Sm (KED),148Sm (KED),149Sm (KED),150Sm (KED),152Sm (KED),154Sm (KED),157Gd (KED),229Th (KED),230Th (KED),232Th (KED),233U (KED),235U (KED),236U (KED),238U (KED),144Sm (KED),146Nd (KED),147Sm (KED),148Sm (KED),149Sm (KED),150Sm (KED),152Sm (KED),154Sm (KED),157Gd (KED),229Th (KED),230Th (KED),232Th (KED),233U (KED),235U (KED),236U (KED),238U (KED),144Sm (KED),146Nd (KED),147Sm (KED),148Sm (KED),149Sm (KED),150Sm (KED),152Sm (KED),154Sm (KED),157Gd (KED),229Th (KED),230Th (KED),232Th (KED),233U (KED),235U (KED),236U (KED),238U (KED)
,,Y (cps),Y (cps),Y (cps),Y (cps),Y (cps),Y (cps),Y (cps),Y (cps),Y (cps),Y (cps),Y (cps),Y (cps),Y (cps),Y (cps),Y (cps),Y (cps),Y (cps),Y (cps),Y (cps),Y (cps),Y (cps),Y (cps),Y (cps),Y (cps),Y (cps),Y (cps),Y (cps),Y (cps),Y (cps),Y (cps),Y (cps),Y (cps),Y (%),Y (%),Y (%),Y (%),Y (%),Y (%),Y (%),Y (%),Y (%),Y (%),Y (%),Y (%),Y (%),Y (%),Y (%),Y (%),Y,Y,Y,Y,Y,Y,Y,Y,Y,Y,Y,Y,Y,Y,Y,Y,Y,Y,Y,Y,Y,Y,Y (%),Y (%),Y (%),Y (%),Y (%),Y (%),Y (%),Y (%),Y (%),Y (%),Y (%),Y,Y,Y,Y,Y,Y,Y,Y,Y,Y,Y,Y,Y,Y,Y,Y,Y,Y,Y,Y,Y,Y,Y,Y,Y,Y,Y,Y,Y,Y,Y,Y,Y,Y,Y,Y,Y,Y,Y,Y,Y,Y,Y,Y,Y,Y,Y,Y,Y,Y,Y,Y,Y,Y,Y,Y,Y,Y,Y,Y,Y,Y,Y,Y,Y,Y,Y,Y,Y,Y,Y,Y,Y,Y,Y,Y,Y,Y,Y,Y,Y,Y,Y,Y,Y,Y,Y,Y,Y,Y,Y,Y,Y,Y,Y,Y,Y,Y,Y,Y,Y,Y,Y,Y,Y,Y,Y,Y,Y,Y,Y (cps),Y (cps),Y (cps),Y (cps),Y (cps),Y (cps),Y (cps),Y (cps),Y (cps),Y (cps),Y (cps),Y (cps),Y (cps),Y (cps),Y (cps),Y (cps),Y (cps),Y (cps),Y (cps),Y (cps),Y (cps),Y (cps),Y (cps),Y (cps),Y (cps),Y (cps),Y (cps),Y (cps),Y (cps),Y (cps),Y (cps),Y (cps),Y (cps),Y (cps),Y (cps),Y (cps),Y (cps),Y (cps),Y (cps),Y (cps),Y (cps),Y (cps),Y (cps),Y (cps),Y (cps),Y (cps),Y (cps),Y (cps),Y (cps),Y (cps),Y (cps),Y (cps),Y (cps),Y (cps),Y (cps),Y (cps),Y (cps),Y (cps),Y (cps),Y (cps),Y (cps),Y (cps),Y (cps),Y (cps),Y (cps),Y (cps),Y (cps),Y (cps),Y (cps),Y (cps),Y (cps),Y (cps),Y (cps),Y (cps),Y (cps),Y (cps),Y (cps),Y (cps),Y (cps),Y (cps),Y (cps),Y (cps),Y (cps),Y (cps),Y (cps),Y (cps),Y (cps),Y (cps),Y (cps),Y (cps),Y (cps),Y (cps),Y (cps),Y (cps),Y (cps),Y (cps),Y (cps),Y (cps),Y (cps),Y (cps),Y (cps),Y (cps),Y (cps),Y (cps),Y (cps),Y (cps),Y (cps),Y (cps),Y (cps),Y (cps),Y (cps),Y (cps),Y (cps),Y (cps),Y (cps),Y (cps),Y (cps),Y (cps),Y (cps),Y (cps),Y (cps),Y (cps),Y (cps),Y (cps),Y (cps),Y (cps),Y (cps),Y (cps),Y (cps),Y (cps),Y (cps),Y (cps),Y (cps),Y (cps),Y (cps),Y (cps),Y (cps),Y (cps),Y (cps),Y (cps),Y (cps),Y (cps),Y (cps),Y (cps),Y (cps),Y (cps),Y (cps),Y (cps),Y (cps),Y (cps),Y (cps),Y (cps),Y (cps),Y (cps),Y (cps),Y (cps),Y (cps),Y (cps),Y (cps),Y (cps),Y (cps),Y (cps),Y (cps),Y (cps),Y (cps),Y (cps),Y (cps),Y (cps),Y (cps),Y (cps),Y (cps),Y (cps),Y (cps),Y (cps),Y (cps),Y (cps)
1,AB1,-0.938336993,1.40000112,0.20000016,0.730890957,0.40000032,1.140664089,0.38977667,0.688562851,0.80000064,0.20000016,0.60000048,48.60013584,0,0.20000016,0,9.80001232,2.029838328,1.646546522,0.632456038,1.871259661,0.843274717,1.888632875,0.835431177,1.400436911,1.686549435,0.632456038,1.349898195,10.50083453,0,0.632456038,0,6.696609966,216.3229569,117.6103718,316.227766,256.0244648,210.8185107,165.5730985,214.3358599,203.3854874,210.8185107,316.227766,224.9828526,21.60659503,N/A,316.227766,N/A,68.33266885,6.0000016,N/A,16.2500348,0,-12.83112743,0,0.569530512,-12.46974819,-9.170300546,N/A,25.000056,,N/A,12.37439865,0,22.77335145,0,0.986455784,23.10006041,16.51437447,N/A,,,N/A,76.14998247,,177.4851942,,173.2050808,185.2488123,180.0854224,N/A,,N/A,N/A,25.000056,N/A,0.631617696,0,1.708591537,1.715755443,-0.285901639,N/A,25.000056,6.0000016,N/A,N/A,0,N/A,N/A,N/A,N/A,N/A,N/A,N/A,N/A,N/A,N/A,0,N/A,N/A,N/A,N/A,N/A,N/A,N/A,N/A,N/A,N/A,N/A,N/A,N/A,N/A,N/A,N/A,N/A,N/A,N/A,N/A,N/A,N/A,-39.125,0,0,-39.125,-28.225,N/A,N/A,N/A,N/A,7.5000136,N/A,0,0,0,0,1,N/A,N/A,N/A,N/A,N/A,N/A,N/A,N/A,N/A,N/A,N/A,N/A,N/A,N/A,N/A,N/A,N/A,N/A,N/A,N/A,N/A,N/A,N/A,N/A,N/A,N/A,N/A,N/A,N/A,N/A,N/A,N/A,N/A,N/A,N/A,N/A,N/A,N/A,N/A,N/A,N/A,N/A,N/A,N/A,N/A,N/A,4.0000032,2.0000016,0,4.0000032,0,4.0000032,2.0000016,0,4.0000032,2.0000016,2.0000016,50.000152,0,0,0,24.0000352,2.0000016,4.0000032,0,0,2.0000016,6.0000048,0,4.0000032,0,0,0,52.000144,0,2.0000016,0,12.0000128,2.0000016,4.0000032,0,4.0000032,2.0000016,0,0,0,0,0,0,62.0001968,0,0,0,18.0000272,0,0,0,4.0000064,0,0,0,0,0,0,0,52.0001376,0,0,0,6.0000048,2.0000016,0,0,0,0,2.0000016,0,2.0000016,4.0000032,0,0,50.0001488,0,0,0,10.000008,0,0,0,0,0,0,2.0000016,2.0000016,0,0,4.0000032,30.0000784,0,0,0,8.000016,0,2.0000016,0,0,0,2.0000016,0,0,0,0,0,36.00008,0,0,0,8.0000064,0,0,0,0,0,2.0000016,0,0,0,0,0,64.0001984,0,0,0,6.000008,0,2.0000016,0,0,0,0,0,0,0,0,0,48.0001216,0,0,0,4.0000032,0,0,2.0000016,0,0,0,0,0,0,0,0,42.0001008,0,0,0,2.0000016,1.0000008,1.40000112,0.20000016,1.20000128,0.40000032,1.60000128,0.40000032,0.80000064,0.80000064,0.20000016,0.60000048,48.60013584,0,0.20000016,0,9.80001232
2,AB2,-0.030715557,0.60000048,0.20000016,0.398953199,0.40000032,0.203141524,0.397444407,0.372140873,0.20000016,0.20000016,0.40000032,16.40002496,0,0.20000016,0.20000016,4.80000544,2.285062215,0.966092556,0.632456038,1.481580579,0.843274717,0.993262164,0.837908038,1.277704199,0.632456038,0.632456038,0.843274717,3.977724535,0,0.632456038,0.632456038,2.529825276,7439.429555,161.0152972,316.227766,371.3670133,210.8185107,488.9508287,210.8239597,343.3388517,316.227766,316.227766,210.8185107,24.25438099,N/A,316.227766,316.227766,52.70463353,4.0000016,2,7.5000048,0,-1.39348722,0,-0.337247327,-0.330221341,-0.070550162,N/A,6,,,0.707109044,0,0.012673238,0,0.003067137,0.003003238,0.099772996,N/A,,,,9.428114552,,0.909462098,,0.909462098,0.909462098,141.4213562,N/A,,N/A,N/A,N/A,N/A,N/A,N/A,N/A,N/A,N/A,N/A,N/A,N/A,2,N/A,N/A,-1.402448552,0,-0.33941612,-0.332344951,-0.141100324,N/A,6,N/A,N/A,N/A,N/A,N/A,N/A,N/A,N/A,N/A,N/A,N/A,N/A,N/A,N/A,N/A,-1.384525887,0,-0.335078534,-0.328097731,0,N/A,N/A,N/A,N/A,N/A,0,N/A,N/A,N/A,N/A,N/A,N/A,N/A,N/A,N/A,N/A,N/A,N/A,N/A,N/A,N/A,N/A,N/A,N/A,N/A,N/A,N/A,N/A,N/A,N/A,N/A,N/A,N/A,N/A,N/A,N/A,N/A,8.0000064,N/A,N/A,N/A,N/A,N/A,N/A,N/A,N/A,N/A,N/A,7.0000032,0,N/A,N/A,N/A,N/A,N/A,N/A,N/A,4.0000016,N/A,N/A,N/A,N/A,N/A,N/A,N/A,N/A,N/A,N/A,0,0,0,0,0,2.0000016,0,0,0,0,0,18.0000368,0,0,0,4.0000064,0,2.0000016,0,0,0,0,2.0000016,0,2.0000016,2.0000016,0,12.0000096,0,0,2.0000016,4.0000032,0,0,0,0,0,0,0,0,0,0,0,10.0000112,0,0,0,2.0000016,0,2.0000016,0,0,0,0,2.0000016,0,0,0,0,18.0000272,0,0,0,6.000008,0,0,2.0000016,2.0000016,2.0000016,0,0,0,0,0,0,22.0000368,0,0,0,2.0000016,4.0000032,0,0,0,0,0,0,4.0000032,0,0,0,18.0000208,0,0,0,10.0000112,2.0000016,0,0,0,0,0,0,0,0,0,0,22.0000368,0,0,0,4.0000032,0,0,0,0,0,2.0000016,0,0,0,0,2.0000016,16.0000256,0,0,0,4.0000032,2.0000016,0,0,4.0000032,2.0000016,0,0,0,0,0,2.0000016,14.0000176,0,0,0,4.0000064,0,2.0000016,0,0,0,0,0,0,0,0,0,14.0000272,0,2.0000016,0,8.0000096,0.80000064,0.60000048,0.20000016,0.60000048,0.40000032,0.40000032,0.40000032,0.40000032,0.20000016,0.20000016,0.40000032,16.40002496,0,0.20000016,0.20000016,4.80000544
3,AB3,-0.092146031,1.80000144,0,0.196858796,1.0000008,0.009424091,0.592332742,0.916422458,0.60000048,0.20000016,0.40000032,18.40002912,0,0,0.20000016,10.200012,3.822496106,1.988859443,0,1.78159612,1.414214694,1.127674937,1.353789643,1.265698054,1.349898195,0.632456038,0.843274717,6.0955526,0,0,0.632456038,3.82390595,4148.302517,110.4921029,N/A,905.0121989,141.4213562,11965.87448,228.5522218,138.1129459,224.9828526,316.227766,210.8185107,33.12795083,N/A,N/A,316.227766,37.48922991,N/A,4.0000016,7.500004,-0.006389776,-61.34067519,0,6.429319372,-3.360874782,-33.675,N/A,13.0000096,N/A,,0.707107913,0.007378278,70.01995116,0,13.19584459,26.73773827,38.88454063,N/A,,N/A,,9.428100472,115.4700538,114.1492997,,205.244814,795.5588949,115.4700538,N/A,,N/A,N/A,N/A,0,N/A,N/A,N/A,N/A,N/A,N/A,N/A,N/A,N/A,N/A,-0.012779553,-126.4108493,0,26.21989529,25.67364747,-67.35,N/A,N/A,N/A,N/A,7.0000032,N/A,N/A,N/A,N/A,N/A,N/A,N/A,N/A,N/A,N/A,N/A,0,N/A,N/A,N/A,N/A,N/A,N/A,N/A,N/A,N/A,N/A,N/A,N/A,N/A,N/A,N/A,N/A,N/A,13.0000096,N/A,N/A,N/A,N/A,-1.576788831,0,-0.502617801,0.007853403,0,N/A,N/A,N/A,4.0000016,N/A,N/A,0,0,0,0,0,N/A,N/A,N/A,N/A,N/A,N/A,N/A,N/A,N/A,N/A,N/A,N/A,N/A,N/A,N/A,8.0000048,-0.012779553,-117.3750626,0,0,-39.125,-67.35,N/A,N/A,N/A,N/A,N/A,N/A,N/A,N/A,N/A,N/A,N/A,N/A,N/A,4.0000064,2.0000016,0,0,2.0000016,0,0,2.0000016,0,0,0,18.0000272,0,0,0,10.0000144,6.0000048,2.0000016,0,0,2.0000016,0,0,2.0000016,2.0000016,0,0,16.0000192,0,0,0,10.0000144,2.0000016,0,0,4.0000032,0,0,0,0,0,0,2.0000016,14.0000176,0,0,0,16.0000128,0,2.0000016,0,0,2.0000016,0,0,0,0,0,0,12.0000128,0,0,0,12.0000128,0,4.0000032,0,0,0,0,0,2.0000016,0,2.0000016,0,26.00004,0,0,0,14.0000176,2.0000016,6.0000048,0,0,0,2.0000016,4.0000032,0,0,0,0,14.0000176,0,0,0,6.0000048,0,0,0,0,0,0,2.0000016,0,0,0,0,14.0000176,0,0,2.0000016,8.0000096,0,0,0,2.0000016,0,2.0000016,0,0,0,0,0,30.0000656,0,0,0,4.0000032,6.000008,0,0,0,4.0000032,2.0000016,0,4.0000032,4.0000032,0,2.0000016,16.0000224,0,0,0,8.0000096,4.0000032,2.0000016,0,2.0000016,0,0,0,0,0,0,0,24.0000512,0,0,0,14.0000208,2.40000256,1.80000144,0,0.80000064,1.0000008,0.60000048,0.60000048,1.0000008,0.60000048,0.20000016,0.40000032,18.40002912,0,0,0.20000016,10.200012
4,SBU1,0.200465252,5.20000576,0.40000032,1.057592573,0.40000032,0.093891988,2.556551841,1.926391467,3.40000624,0,29878.72635,3952.628372,4.40000352,86.4003808,42556.67183,60.80020672,4.106918321,2.529825839,0.843274717,2.849089722,0.843274717,2.317839853,2.106078402,2.260633066,3.777131723,0,400.7464153,81.40762602,4.599520562,15.48629513,683.5845227,11.55476382,2048.693367,48.65044301,210.8185107,269.3938852,210.8185107,2468.623691,82.3796478,117.3506582,111.0919056,N/A,1.3412433,2.059582089,104.5344746,17.9238737,1.606292253,19.00448114,0.708839948,0.001429366,0.13229381,1.448881769,-31.58354745,0.172929863,3.238061551,2.760851742,-24.40567156,15.53915971,N/A,0.102752326,0.000272808,0.002404842,0.689033735,94.25689487,0.367245649,8.657682744,8.634854906,74.79522099,13.20157995,N/A,14.49584304,19.08596288,1.817804105,47.55624306,298.436694,212.3668183,267.3723958,312.7605433,306.4665556,84.95684577,N/A,0.695651513,0.001512953,0.135842578,0.961661342,2.31988738,1.03986711,-0.696874851,0.357510485,1.645184388,10.66669067,N/A,0.675674725,0.001205723,0.128781589,N/A,-1.215723417,0,1.048356221,-1.037319224,1.520537508,N/A,N/A,0.935482566,0.001392114,0.131818581,1.936102196,-0.595825096,0.516501661,-0.519206135,0.00811232,-0.359736211,N/A,N/A,0.765956628,0.001705794,0.130683285,N/A,N/A,N/A,N/A,N/A,N/A,36.0001184,N/A,0.611110275,0.001543102,0.133897765,N/A,-1.051192554,0,-0.001745201,-0.328097731,0,33.0000976,N/A,0.666666981,0.001198957,0.130455042,N/A,-282.9108493,0,26.21989529,25.67364747,-223.8501252,6.500022,N/A,0.605262442,0.001053643,0.130142609,N/A,0.415627935,0,-0.226277296,0.791381812,0.534195829,11.5000232,N/A,0.790696983,0.001597125,0.132669283,N/A,-0.538104164,0,1.659686928,-1.31239145,1,4.857154514,N/A,0.609755183,0.001171819,0.135957262,N/A,-1.922630666,0,1.324606258,1.359511894,0,6.2500116,N/A,0.73214218,0.001912429,0.132690107,N/A,1.246882831,0,0.334112743,-0.664689902,-0.141100324,N/A,N/A,10.000008,4.0000064,2.0000016,0,2.0000016,2.0000016,2.0000016,4.0000064,6.0000048,0,29877.69375,4058.66293,6.0000048,92.000368,42301.51035,64.0001952,6.0000048,6.0000048,0,4.0000064,0,0,2.0000016,4.0000032,8.0000256,0,29418.63123,3788.57807,0,74.0002864,41468.9796,50.0001232,6.000008,6.000008,2.0000016,0,2.0000016,2.0000016,4.0000032,0,10.0000144,0,29514.87725,3890.609224,0,62.0002832,41663.39993,58.000184,4.0000064,2.0000016,0,8.0000064,0,2.0000016,0,4.0000032,0,0,29893.76252,3906.615101,2.0000016,94.0004848,42209.24418,72.0002944,2.0000016,6.0000048,0,2.0000016,0,0,6.0000048,0,0,0,29803.62673,3990.639007,2.0000016,108.0005536,42771.14852,66.000248,10.000008,2.0000016,0,0,0,0,0,6.000008,2.0000016,0,30038.08056,3918.619051,8.0000064,78.0002896,43371.2213,52.0002176,8.0000096,4.0000032,0,0,0,6.000008,6.000008,4.0000032,6.0000144,0,30801.94932,4008.646037,4.0000032,76.000304,43658.17927,46.0001296,10.0000112,8.0000096,0,6.000008,0,0,2.0000016,2.0000016,0,0,29597.03893,3926.617942,14.0000112,86.0003504,42576.62907,68.0002176,10.0000144,10.0000144,0,6.0000048,0,6.000008,2.0000016,0,0,0,29661.17154,4032.651664,8.0000064,82.0003408,42668.82814,50.0001328,8.0000064,4.0000032,0,2.0000016,0,0,2.0000016,0,2.0000016,0,30180.43168,4004.6447,0,112.0005472,42877.57789,82.0003248,7.40000784,5.20000576,0.40000032,2.80000288,0.40000032,1.80000208,2.6000024,2.40000256,3.40000624,0,29878.72635,3952.628372,4.40000352,86.4003808,42556.67183,60.80020672
5,SBU2,-0.322862387,2.40000192,0.20000016,-0.004188485,0.40000032,0.612566255,1.376997894,0.349265321,1.8000024,0,31407.69025,4111.479219,4.40000416,101.2005117,44629.09133,61.00020944,4.595492537,2.06559277,0.632456038,1.09009296,0.843274717,1.891749674,1.343128918,1.42737354,2.573372504,0,301.2209524,91.48198804,2.951462137,21.33768005,654.5813868,8.705084757,1423.359523,86.06629658,316.227766,26025.94859,210.8185107,308.8236837,97.54037561,408.6788618,142.9649485,N/A,0.959067509,2.225038318,67.07862151,21.08455747,1.466714574,14.27058175,0.625547532,0.001367093,0.130922786,-0.006389776,-36.44177799,0.128278689,3.215864277,-6.509374301,-16.83040053,13.80211912,N/A,0.153684892,0.000195962,0.003381573,0.009036508,81.79447395,0.362826922,9.306250293,30.34820712,52.1721086,8.583409228,N/A,24.56805976,14.334184,2.582876035,141.4213562,224.4524786,282.8427125,289.3856672,466.2231071,309.9873263,62.18906787,N/A,0.402984071,0.001185123,0.122840063,N/A,N/A,N/A,N/A,N/A,N/A,N/A,N/A,0.491802162,0.001334799,0.13198532,N/A,-48.16084933,0,26.21989529,25.67364747,10.9,N/A,N/A,0.499999057,0.001263868,0.135698776,N/A,-0.810482225,0,0.347612271,-0.691546104,-0.58720613,9.333357867,N/A,0.704544658,0.001437169,0.133610144,N/A,0.309716073,0,-0.16861669,-0.165103842,-0.070096463,10.33336373,N/A,0.619047263,0.001173595,0.131632971,N/A,0.615474113,0,-0.335078534,1.671903869,0,6.5000188,N/A,0.951219544,0.001753876,0.132470006,N/A,-4.153577661,0,-1.005235602,0.015706806,1,13.00003307,N/A,0.684209828,0.001167457,0.130526039,N/A,-2.769051774,0,0.329842932,0.343804538,0,13.0000256,N/A,0.553844773,0.00159833,0.130940197,-0.012779553,-234.75,0,0,-78.25,-145.6,18.0000464,N/A,0.717390861,0.001465724,0.129181671,0,N/A,N/A,N/A,N/A,N/A,33.0000944,N/A,0.630433104,0.001290994,0.130342669,N/A,-1.815453132,1.026229508,0.33849455,-0.673407147,-0.285901639,7.2500131,N/A,0,0,0,0,0,4.0000032,0,0,0,0,31802.46602,3906.616935,0,134.0007984,45565.06569,54.0001872,4.0000032,2.0000016,0,0,0,0,0,0,2.0000016,0,31387.49452,4142.688494,0,122.0006544,44950.73051,60.0001856,4.0000032,4.0000032,0,2.0000016,0,0,2.0000016,0,8.000016,0,31295.2262,4246.723898,6.0000048,112.0005952,44308.59204,56.000192,4.0000032,2.0000016,0,0,0,0,4.0000032,0,2.0000016,0,31080.65228,4152.690416,6.0000048,88.0004288,43140.52269,62.000232,4.0000032,2.0000016,0,0,0,4.0000064,2.0000016,0,0,0,30817.98959,4056.66354,8.0000064,84.0003584,44308.47874,52.000192,0,6.0000048,0,0,0,2.0000016,2.0000016,2.0000016,0,0,31620.01207,4188.703184,6.000008,82.0003152,44473.11098,78.0003024,0,4.0000032,0,2.0000016,0,2.0000016,2.0000016,0,0,0,31309.23047,4086.669833,4.0000032,76.000288,44541.36478,52.000144,6.0000048,0,0,0,2.0000016,2.0000016,0,4.0000032,2.0000016,0,31515.79878,4126.684903,4.0000032,130.0007632,45047.16421,72.0002432,6.0000048,0,0,2.0000016,2.0000016,0,0,0,0,0,31495.66974,4068.66326,2.0000016,92.0003936,45029.12006,66.0002416,2.0000016,4.0000032,2.0000016,2.0000016,0,0,2.0000016,0,4.0000032,0,31752.36283,4138.687726,8.0000096,92.0005216,44926.76364,58.0001744,3.0000024,2.40000192,0.20000016,0.80000064,0.40000032,1.40000144,1.40000112,0.60000048,1.8000024,0,31407.69025,4111.479219,4.40000416,101.2005117,44629.09133,61.00020944
6,SBU3,0.061663364,1.40000144,0,0.53089037,0.60000048,0.140663184,1.18977763,0.088562371,0.80000064,0,32919.35673,4311.547487,6.00000608,97.0004632,46827.48389,62.4001984,3.489507437,1.34989888,0,1.208295347,0.966092556,0.931136513,1.400099545,0.685730185,1.032796385,0,340.7202168,86.90777033,4.109614353,12.08312794,514.8392239,10.65839513,5658.963759,96.42124941,N/A,227.5979026,161.0152972,661.9617787,117.6774138,774.2906793,129.0994449,N/A,1.035014808,2.015697858,68.49350315,12.45677344,1.099438153,17.08070711,0.66511656,0.001333216,0.130982898,0.329073482,-6.42540172,0,-7.169380742,-7.460034978,3.14539985,12.98521664,N/A,0.20212989,0.000230928,0.002829977,0.581074542,33.56748548,0,19.79177676,32.64193523,5.301808444,8.693927797,N/A,30.3901455,17.32115093,2.160569785,176.5789627,522.418472,,276.0597808,437.5574019,168.5575347,66.95250484,N/A,0.717390871,0.001408223,0.131891636,-0.012779553,-78.25,0,0,-78.25,10.9,33.000096,N/A,0.837208682,0.00156003,0.133999404,N/A,N/A,N/A,N/A,N/A,N/A,6.0000136,N/A,0.619999486,0.001336962,0.128033244,N/A,3.038834951,0,0,0,-0.141100324,10.33336213,N/A,0.509432776,0.001149961,0.130949763,N/A,30.08915067,0,-52.03010471,25.67364747,10.9,13.5000248,N/A,0.446427318,0.001071144,0.129249476,N/A,-0.69226239,0,-0.167539133,0.335950866,0.4999996,N/A,N/A,0.888888126,0.001709424,0.132251022,N/A,3,0,1,0,0,6.666685956,N/A,0.519229725,0.001134727,0.135790397,N/A,-0.779009381,0,1.347057184,0.34825455,-0.141100324,13.5000256,N/A,0.537035571,0.001257235,0.130398939,0,N/A,N/A,N/A,N/A,N/A,9.6666864,N/A,0.519998816,0.001094182,0.125955047,N/A,N/A,N/A,N/A,N/A,N/A,5.200005632,N/A,1.05555423,0.001610275,0.131310049,1,-1.384525887,0,-0.335078534,-0.328097731,0,19.0000496,N/A,2.0000016,0,0,0,2.0000016,2.0000016,0,0,2.0000016,0,32532.3268,4290.741808,2.0000016,92.0003968,46867.76283,66.0002448,0,0,0,0,0,0,0,0,0,0,32229.59951,4318.747113,12.0000128,86.0003504,46153.10812,72.00024,6.0000048,0,0,0,0,0,2.0000016,0,2.0000016,0,32903.27211,4212.712681,6.0000048,100.0004416,46373.97126,62.0002224,2.0000016,2.0000016,0,2.0000016,0,0,0,0,2.0000016,0,33194.10013,4346.75954,4.0000032,106.0005264,46958.24619,54.0001424,0,2.0000016,0,0,0,2.0000016,4.0000064,2.0000016,0,0,33011.60996,4266.73329,0,112.000576,46679.155,50.0001168,6.0000048,0,0,2.0000016,0,0,2.0000016,0,0,0,33336.44855,4408.77938,12.0000128,90.0004336,46799.56337,80.0003168,4.0000032,4.0000064,0,4.0000032,0,2.0000016,2.0000016,0,2.0000016,0,32776.96496,4450.797083,4.0000032,104.0004896,47588.65528,54.0001456,0,2.0000016,0,2.0000016,2.0000016,0,0,0,0,0,33288.30779,4340.760016,6.0000048,108.0006016,46133.09872,58.0001648,0,2.0000016,0,0,0,0,0,0,0,0,32985.52482,4154.693324,10.0000144,100.00048,47524.21583,52.0001312,0,2.0000016,0,0,2.0000016,0,2.0000016,0,0,0,32935.41262,4324.750633,4.0000032,72.000336,47197.06234,76.0002592,2.0000016,1.40000144,0,1.0000008,0.60000048,0.60000048,1.20000128,0.20000016,0.80000064,0,32919.35673,4311.547487,6.00000608,97.0004632,46827.48389,62.4001984
8,SN2,0.215707053,3.60000352,0.60000048,0.993718498,0.80000064,-0.181152187,2.176998547,1.349266255,1.80000144,0.20000016,27530.26016,51750.79728,9.00001008,229.802733,38851.31983,27083.31342,5.143967773,3.373100219,0.966092556,2.140660152,1.032796385,1.429779634,2.757057303,1.524966182,1.751191472,0.632456038,11434.27904,21575.87254,4.346140295,100.1854756,16384.13785,11431.78884,2384.700782,93.69713668,161.0152972,215.4191711,129.0994449,789.2698703,126.6448849,113.021887,97.28833731,316.227766,41.53349433,41.691865,48.29039364,43.59629422,42.17138033,42.20971291,113.7095143,0.695547726,1.856220545,0.737220447,2.493092612,-3.759877049,-3.648976634,-0.28571686,-29.71609016,3164.092711,32142.50202,24.38402718,0.012192346,0.085231124,0.961922682,29.39549837,12.43070579,36.99630022,29.38599381,49.8406346,1055.968298,,21.44413977,1.752912915,4.591648588,130.4796531,1179.077674,330.6146884,1013.881533,10285.00515,167.7227197,33.37349421,,108.0467915,0.708597716,1.912037414,N/A,1.2500008,0,0.5,0.25,0.25,2791.24592,32142.50202,137.5732492,0.694760181,1.884038391,N/A,0.307737056,0,0.832461533,-0.164048866,0.5,2437.035036,N/A,107.6623632,0.690142106,1.874172688,N/A,36.09805002,-39.125,65.54978017,64.18415975,-67.35,3359.108378,N/A,127.0024223,0.694268653,1.838526695,2,-2.269051774,0.5,0.329843732,-0.156195462,0,4286.376357,N/A,106.2497123,0.701978624,1.897349142,N/A,-24.08042467,0,-26.01505236,12.83682373,-28.225,2398.237125,N/A,116.7941871,0.710562316,1.901094204,0.974440895,2.684076713,1.026229508,-0.343867479,-0.336703573,-0.285901639,5372.590723,N/A,131.0422509,0.691088468,1.900150336,N/A,-1.076788831,0,0.497382199,0.007853403,0,2577.186377,N/A,112.9239767,0.677847243,1.819753041,-0.012779553,60.17830134,0,-25.81020942,-26.90270506,-145.6,3161.901069,N/A,53.29108077,0.676925126,1.629408443,-0.012779553,0,0,-78.25,0,-67.35,N/A,N/A,136.5091092,0.709306824,1.905675093,N/A,-48.16097453,0,26.21989529,-52.57635253,10.9,2093.153411,N/A,10.0000144,0,0,4.0000032,0,2.0000016,8.0000064,2.0000016,0,2.0000016,33621.23304,64285.05548,12.0000096,310.0043729,47269.38444,33494.97784,4.0000032,2.0000016,0,4.0000064,0,0,4.0000032,2.0000016,0,0,34230.84598,64492.22797,14.0000176,248.002672,49108.36042,34118.5334,12.0000096,10.0000144,2.0000016,0,0,0,0,4.0000032,4.0000032,0,34740.25098,65109.22958,10.0000112,312.0043105,48672.76047,33591.12141,2.0000016,8.0000064,2.0000016,4.0000064,2.0000016,2.0000016,4.0000032,0,0,0,34629.93884,63668.06701,8.0000064,270.0030256,49391.59813,34291.03829,4.0000032,2.0000016,0,2.0000016,0,0,0,2.0000016,4.0000032,0,33268.32482,63121.62753,14.0000176,316.0042625,47829.60735,33575.36196,8.0000064,2.0000016,2.0000016,0,2.0000016,0,2.0000016,0,4.0000032,0,32205.50556,61225.69997,6.0000048,276.0032064,45366.28162,32235.57012,4.0000032,6.0000048,0,4.0000032,0,2.0000016,4.0000032,0,0,0,31471.70496,59800.97075,12.000016,236.0023392,44750.09961,30926.27776,4.0000032,4.0000032,0,2.0000016,2.0000016,2.0000016,0,4.0000032,2.0000016,0,27268.65894,49622.22504,8.0000096,224.0023744,37317.01969,25295.2389,0,0,0,2.0000016,2.0000016,0,0,2.0000016,2.0000016,0,874.1025223,1424.27003,0,14.00004,1102.156256,746.0772625,4.0000064,2.0000016,0,0,0,2.0000016,0,0,2.0000016,0,12992.036,24758.59941,6.000008,92.00072641,17705.93033,12558.93721,5.20000512,3.60000352,0.60000048,2.2000024,0.80000064,1.0000008,2.20000176,1.60000128,1.80000144,0.20000016,27530.26016,51750.79728,9.00001008,229.802733,38851.31983,27083.31342
9,SN3,0.492614495,3.40000304,0.80000096,1.260734206,1.0000008,0.284467836,3.169332889,1.265688234,2.40000192,0,35551.36755,66245.07234,9.80001008,292.6036984,50445.9522,34984.00671,3.120638173,3.405880896,1.39841373,2.385002917,1.414214694,1.821939435,2.99641436,1.727118997,1.577622538,0,672.61693,685.6173031,3.823904815,30.68260699,640.6438806,687.2299414,633.4848459,100.172878,174.8015065,189.1757126,141.4213562,640.4729118,94.54400862,136.4569055,65.73421981,N/A,1.891957965,1.034971023,39.01939676,10.4860626,1.269960924,1.964411759,120.8401706,0.693492393,1.863746107,1.363818491,-17.12548042,-7.572089298,-10.07530557,-2.512142497,-5.133854158,4153.387156,N/A,14.00885515,0.010240422,0.026619112,0.744700754,41.3304298,24.84184328,22.1276824,19.32987262,22.11057562,1888.778204,N/A,11.59287932,1.47664524,1.42825849,54.60409569,241.338805,328.0711876,219.6229409,769.4576498,430.6818024,45.47561142,N/A,154.4970758,0.702708705,1.852607047,2.480833071,-0.666540763,0,-0.002110529,-0.396759245,-0.084224001,3522.563932,N/A,128.7060197,0.687911484,1.881232047,N/A,-0.257447141,0,-0.22434123,0.115091725,0.288128188,3449.357663,N/A,111.8218362,0.69469146,1.874772595,1,0.230953026,0,-0.670157068,-0.656195462,2.0000016,8610.382657,N/A,115.7028631,0.674466835,1.903777222,N/A,-0.389503569,0,0.673528864,0.174127541,-0.141100324,3378.558792,N/A,126.9299508,0.698362518,1.889181177,0.987220447,2.259831056,0,-0.67883224,0.348255082,1.884789644,5838.844146,N/A,113.8241701,0.6799976,1.836346876,0.987220447,1.012944984,0,1.012944984,1.012944984,0.87184466,1909.738855,N/A,116.1176854,0.69319483,1.831272508,N/A,0.503215434,0.503215434,1.509647107,0.503215434,0.433118971,4441.553568,N/A,125.0303848,0.705494009,1.862386641,N/A,-126.4108493,-78.25,-52.03010471,25.67364747,10.9,2979.926113,N/A,106.8726231,0.693919408,1.825231436,N/A,0.623441415,2.025891588,1.686473847,0.680600033,-0.141100324,2992.474345,N/A,108.899097,0.704177076,1.880653516,N/A,-48.16084933,0,-52.03010471,-52.57635253,-67.35,4410.471493,N/A,10.0000176,12.0000128,0,4.0000032,4.0000032,0,10.0000176,0,6.0000048,0,36316.73543,67280.63996,10.000008,228.0021632,50128.40637,35225.6675,4.0000032,4.0000032,0,0,0,2.0000016,6.000008,2.0000016,2.0000016,0,35243.6695,66301.52051,10.0000112,268.0031232,50142.51984,34493.61526,6.0000144,4.0000032,0,0,2.0000016,0,2.0000016,4.0000064,0,0,34790.45784,65224.19695,4.0000032,308.0038688,49578.2087,34441.55818,4.0000032,4.0000032,0,4.0000032,0,2.0000016,4.0000032,0,4.0000032,0,34254.97283,65213.83701,10.0000176,292.0035552,50092.37758,33785.64738,10.0000144,4.0000032,0,0,2.0000016,2.0000016,2.0000016,4.0000032,2.0000016,0,35492.41042,67051.5937,6.000008,276.0035072,50164.65039,35033.11159,2.0000016,0,0,2.0000016,2.0000016,2.0000016,2.0000016,2.0000016,2.0000016,0,35997.81119,66104.46813,18.0000176,302.0038096,50552.13874,34375.333,2.0000016,0,2.0000016,6.000008,0,2.0000016,4.0000032,2.0000016,2.0000016,0,36184.33877,66263.3848,8.0000096,306.0039569,51258.99627,35532.47118,6.0000048,2.0000016,2.0000016,2.0000016,0,0,0,0,2.0000016,0,35859.40538,66784.07753,12.0000096,286.0036145,50686.66988,35759.14196,4.0000032,2.0000016,4.0000064,4.0000032,0,2.0000016,2.0000016,0,2.0000016,0,36132.21619,65949.65686,12.0000096,336.0048609,51749.12309,35909.72087,4.0000032,2.0000016,0,2.0000016,0,2.0000016,0,2.0000016,2.0000016,0,35241.65798,66277.34798,8.0000064,324.0045249,50106.43112,35283.80017,5.20000672,3.40000304,0.80000096,2.40000224,1.0000008,1.40000112,3.20000384,1.6000016,2.40000192,0,35551.36755,66245.07234,9.80001008,292.6036984,50445.9522,34984.00671
10,SN4,0.446423656,3.0000024,0.40000032,1.394766154,0.80000064,1.815709219,1.371886077,-0.306453964,2.20000208,0,35749.1699,67107.42575,9.60000992,308.4040148,50539.02646,35279.04025,4.276565907,2.160248628,0.843274717,1.818255713,1.032796385,3.140174363,1.357377191,0.333538674,2.394440479,0,680.3246129,1014.658687,3.977720209,11.6164022,753.7977817,724.5590625,957.9613114,72.00822998,210.8185107,130.3627643,129.0994449,172.9447827,98.94241321,108.8381007,108.8381007,N/A,1.903050098,1.51199167,41.4345427,3.766618345,1.491516229,2.05379471,114.5089855,0.698049885,1.877331948,0.484025554,24.09226174,-11.59259259,-21.79810389,-7.458420295,3.537605145,4380.206893,N/A,4.073565387,0.009326061,0.013820262,0.566403001,83.87088217,26.44312044,40.1878811,46.09056022,5.523683472,2055.644122,N/A,3.557419857,1.336016443,0.736165074,117.0192351,348.1237382,228.1035949,184.364114,617.9667865,156.1418883,46.93029742,N/A,113.2599976,0.695414618,1.885945261,N/A,-1.576788831,0,-0.002617801,0.507853403,0,2459.388788,N/A,109.6762463,0.697108194,1.861465505,N/A,-16.05361644,-26.08333333,-17.34336824,-121.8588676,10.9,4332.265141,N/A,115.4462147,0.690533863,1.878837846,N/A,1.657848846,0,2.734822687,-0.336703573,-0.285901639,2150.209663,N/A,109.1832453,0.689388557,1.873247369,N/A,246.767452,0,-77.84031414,-1.229057592,10.9,8789.361307,N/A,115.1281064,0.705214726,1.906841593,0,N/A,N/A,N/A,N/A,N/A,5871.602198,N/A,111.3566404,0.703520192,1.858466044,N/A,3.615475713,0,0.664921466,1.671902269,0,3608.001818,N/A,121.9824345,0.681975238,1.882083761,0.987220447,-0.779007137,0,0.334112743,0.348255082,-0.141100324,4391.41668,N/A,113.376906,0.698088957,1.877913454,N/A,0.230948226,0,-0.670157068,0.343804538,0,3537.40347,N/A,119.5046332,0.70540159,1.881524678,0.961661321,1.039867132,0,0,2.079735927,-0.434551736,2543.770617,N/A,116.1754304,0.71385291,1.866993971,-0.012779553,-18.07182386,-78.25,-104.0603346,51.34729494,10.9,6118.649249,N/A,2.0000016,6.0000048,0,2.0000016,0,4.0000032,4.0000032,0,0,0,35255.80217,66490.51302,14.0000112,304.003808,49512.14665,34431.47057,4.0000032,2.0000016,2.0000016,2.0000016,0,10.0000144,0,0,6.0000048,0,35161.55355,65452.01902,8.0000096,316.0042753,49717.04966,34658.16272,6.000008,2.0000016,0,6.000008,0,0,2.0000016,0,4.0000032,0,35562.689,66816.52598,16.0000192,298.003672,49821.44645,34403.39589,2.0000016,6.0000048,0,4.0000032,0,2.0000016,0,0,2.0000016,0,35945.67217,67335.13581,4.0000032,322.0042897,50998.05178,35157.47335,4.0000032,0,0,2.0000016,2.0000016,0,0,0,0,0,34726.3088,66217.56997,6.0000048,306.0038288,49955.90717,35229.64137,10.0000112,2.0000016,0,2.0000016,0,4.0000032,2.0000016,0,0,0,36780.07949,68354.52881,10.0000112,324.0045537,51285.03629,36080.05859,4.0000032,4.0000032,0,2.0000016,2.0000016,2.0000016,2.0000016,0,2.0000016,0,35406.13435,66637.31049,8.0000096,288.0035616,51514.15133,35131.3756,6.0000048,4.0000032,0,0,0,2.0000016,2.0000016,0,0,0,35685.00623,67013.35331,10.0000112,312.0042305,50672.73158,35374.07432,2.0000016,0,0,0,2.0000016,4.0000064,2.0000016,0,6.000008,0,36174.34381,68062.9206,14.0000144,298.00372,50485.88743,35612.82526,6.000008,4.0000032,2.0000016,4.0000064,2.0000016,0,0,0,2.0000016,0,36794.10942,68694.38045,6.0000048,316.0042081,51427.85629,36711.92486,4.60000464,3.0000024,0.40000032,2.40000256,0.80000064,2.8000032,1.40000112,0,2.20000208,0,35749.1699,67107.42575,9.60000992,308.4040148,50539.02646,35279.04025
11,SN5,1.938570683,1.20000128,2.20000176,0.99790645,1.00000112,2.206284703,0.979553499,2.377126822,1.60000128,0,36167.52786,67819.56954,15.0000232,301.8039285,51232.94946,35950.92506,2.65881364,2.149937913,1.988859443,1.34179636,1.699675159,1.686641178,1.048815797,1.852820096,1.264912076,0,504.1144424,1429.330589,7.615788396,32.8025739,884.0969059,801.4871143,137.1532987,179.1613017,90.40262964,134.4611371,169.9673255,76.44712292,107.0708029,77.94367883,79.0569415,N/A,1.393831628,2.107548895,50.77184411,10.86883596,1.725641243,2.229392187,120.2543606,0.701702809,1.87517368,0.158146833,2.366838336,-38.49352751,-19.38585702,-38.64406379,-24.20525213,4081.136289,N/A,11.96181108,0.008911972,0.031180392,0.290537043,76.17030734,59.63654476,36.20622589,72.74793413,55.01178637,4973.638769,N/A,9.947091333,1.270049402,1.662800206,183.713475,3218.230252,154.9261619,186.7661866,188.2512526,227.2721064,121.8689702,N/A,128.0750237,0.706028683,1.823276446,N/A,3.038836572,3.038834951,0,1.012944984,2.897736249,17930.70189,N/A,113.0650981,0.700598998,1.881212536,N/A,N/A,N/A,N/A,N/A,N/A,1741.220917,N/A,126.6576384,0.705148052,1.862011494,-0.006389776,-78.25,-78.25,-78.25,-156.5,10.9,2012.47043,N/A,136.196296,0.693878064,1.929322338,N/A,1.012944984,1.012944984,0,2.025891588,0.87184466,3486.662312,N/A,114.7805772,0.693720334,1.850990889,0.493609829,1.012944984,0,0,1.012944984,0.87184466,2195.203937,N/A,111.4309539,0.69535641,1.875239546,N/A,0.237005884,0,0.33849455,0.352822361,1.766557377,3610.40711,N/A,124.5785623,0.690928282,1.854629002,N/A,168.5175001,-78.25,-77.84027218,-1.229016514,-145.6,1290.292003,N/A,105.5109727,0.713695762,1.918582047,N/A,N/A,N/A,N/A,N/A,N/A,4563.412076,N/A,104.7783802,0.717670692,1.879801508,N/A,1.615474113,1,0.664921466,0.671902269,2,1695.527214,N/A,137.4701032,0.70000281,1.876670995,-0.012779553,-78.25,-156.5,0,-156.5,-67.35,2285.465012,N/A,6.000008,0,6.0000048,0,0,2.0000016,2.0000016,6.000008,2.0000016,0,36186.37338,65977.76224,2.0000016,280.0033248,50793.16649,35861.43246,4.0000032,0,4.0000032,4.0000032,0,0,0,0,0,0,35741.10694,67236.61845,20.0000448,308.0039457,49706.74589,34824.49634,2.0000016,0,2.0000016,2.0000016,4.0000032,4.0000032,0,0,2.0000016,0,35678.90316,66434.52779,18.000024,286.0034064,51371.50406,36224.51603,2.0000016,0,2.0000016,0,0,4.0000064,2.0000016,2.0000016,2.0000016,0,35480.34725,68453.02651,10.000008,256.0029312,50248.95987,34866.65101,2.0000016,0,0,0,4.0000064,2.0000016,2.0000016,2.0000016,2.0000016,0,35869.43565,66393.99857,16.0000288,306.0040913,50630.38302,35123.32621,6.0000048,4.0000032,0,2.0000016,0,2.0000016,2.0000016,4.0000032,4.0000032,0,35999.80768,67508.26301,10.0000112,324.0043297,51921.73537,36104.11153,4.0000064,6.000008,2.0000016,4.0000032,0,2.0000016,0,4.0000032,2.0000016,0,36336.89627,67391.46168,28.0000416,290.0035856,52289.40646,36128.22976,2.0000016,0,0,0,0,4.0000032,0,2.0000016,0,0,36581.49281,70184.59535,8.0000064,346.0050161,51152.50469,36507.32581,6.0000048,2.0000016,2.0000016,2.0000016,0,2.0000016,2.0000016,4.0000032,0,0,36864.3537,69297.66766,22.0000464,356.0054785,51976.03548,37301.67737,2.0000016,0,4.0000032,0,2.0000016,4.0000032,0,2.0000016,2.0000016,0,36936.56179,69317.77416,16.0000192,266.003176,52239.05324,36567.48407,3.60000352,1.20000128,2.20000176,1.40000112,1.00000112,2.6000024,1.0000008,2.6000024,1.60000128,0,36167.52786,67819.56954,15.0000232,301.8039285,51232.94946,35950.92506
12,TAI_MRM20_z2,-31.8233105,943.63674,389.8064883,289.422831,399.2066875,249.6079543,801.6096136,713.2161507,768.2243434,0.80000064,32527.60766,12481.44983,5.80000624,292.6037298,44503.3635,28056.97529,92.21175957,82.19190314,34.09170076,42.44951409,37.12206044,27.2541338,45.5166369,48.13046636,47.63568763,1.398412916,1611.969434,518.8230561,4.26354535,40.39954887,1976.653682,1306.199527,289.7616814,8.710121136,8.74580126,14.66695421,9.298957559,10.91877616,5.678155067,6.748370226,6.200752168,174.8014747,4.955696251,4.156753126,73.5093235,13.80691521,4.441582673,4.655525098,97.18634569,0.630460622,0.383936073,2.022964317,-0.037754184,0.487797563,0.363123217,0.311886003,0.892219821,5244.674505,5024.260707,10.79423135,0.010354281,0.008627372,0.214966331,0.111825702,0.051385541,0.063698801,0.034649087,0.078346932,4044.680438,1619.696239,11.10673652,1.642335906,2.247085498,10.62630362,296.1942,10.53419384,17.54192465,11.10953575,8.781124366,77.11976089,32.23750385,111.4388866,0.620237184,0.387739762,2.147731887,-0.048107957,0.418786303,0.349248198,0.281439683,0.822683181,3148.174702,5676.578708,105.1823815,0.639585215,0.399431338,1.838448419,-0.044053812,0.554981494,0.464559914,0.318202239,0.959072615,6679.148882,N/A,83.86702377,0.633682844,0.384661635,1.987094048,0.188134616,0.495773802,0.385045311,0.323042782,0.950990718,N/A,6216.086167,91.89578832,0.628890681,0.38001681,2.096234403,0.111538713,0.521538151,0.417556683,0.355609889,0.886540305,2775.285179,N/A,114.265727,0.625087637,0.382389089,2.381351069,-0.139625443,0.470971515,0.304251691,0.28437859,0.869281235,2323.424588,N/A,98.73607301,0.640011969,0.379278,1.769692827,-0.01002345,0.504337034,0.322636189,0.286316966,1.046537209,2843.63101,N/A,87.66587263,0.61796643,0.377519099,2.029792092,-0.038347092,0.530754344,0.392262927,0.37567853,0.909223528,4675.570608,N/A,92.89689106,0.637852839,0.380162679,2.252404441,-0.147675597,0.499770577,0.288899591,0.30749597,0.877003474,14585.00423,N/A,101.2417117,0.645365774,0.37143449,1.685320619,-0.105480486,0.496533244,0.427343177,0.321767552,0.819706166,4927.156841,3180.117245,84.67310126,0.615925648,0.396727833,2.041573365,-0.143901328,0.384529166,0.279428494,0.264927824,0.781159784,N/A,N/A,1126.051137,840.0285866,322.0046065,550.0123347,358.0053777,492.0103234,778.0244312,732.0217767,714.0207446,2.0000016,29280.37727,11353.1665,8.0000096,226.0021488,40606.1237,25185.42783,1156.054195,858.0302043,402.0065937,624.0162884,394.0063537,512.0108514,734.0219959,800.0260361,756.0231655,0,30623.51251,12231.99057,4.0000032,254.002776,41771.78628,26716.6169,1386.077289,892.0331085,398.0069137,608.0152932,404.0067489,552.0125923,812.0265129,864.0302475,722.021103,2.0000016,32319.78744,12432.18228,0,342.0049649,45263.871,28682.93852,1256.064179,842.0294555,422.0075089,620.0159204,386.0061745,564.0130467,818.0286843,814.0273914,694.019711,0,32630.55637,12400.15995,10.0000112,302.0038609,44129.9,27752.88287,1242.062571,984.0396912,406.0068721,592.0145444,362.0056241,568.0133027,872.0308491,858.0299611,780.024884,0,31648.03801,12101.86441,12.0000128,244.0025152,44603.54538,27881.1248,1280.066371,930.0357374,382.0061041,556.0132451,428.0076705,522.011141,768.023956,908.0335277,828.0298828,0,33723.46977,12790.57016,10.0000112,288.0035744,44430.95339,28436.34195,1346.073372,994.0402657,418.0074385,642.0169845,388.0064065,622.0163733,798.0263577,830.0281402,818.0272441,0,34198.75321,12910.6825,6.000008,320.0043553,45396.4159,28053.46105,1332.072001,1050.04512,412.0071041,590.0142292,366.0055281,598.014786,834.028553,828.0282954,754.0229527,0,33234.16876,12634.39063,2.0000016,314.0043921,45731.60142,29170.0318,1294.068639,996.0403345,400.0067521,678.0190294,478.0094226,586.0142356,816.027601,774.0248472,816.0273865,4.0000032,34246.89816,12720.47916,6.0000048,292.0038017,45808.07639,29562.9647,1328.072087,1050.044896,336.0049889,596.0145956,428.0075681,576.0136259,884.0328301,794.0257048,800.0263593,0,33370.51514,13239.01216,0,344.0049089,47291.3615,29127.96248,1274.666184,943.63674,389.8064883,605.6152465,399.2066875,559.2130278,811.4271771,820.2275928,768.2243434,0.80000064,32527.60766,12481.44983,5.80000624,292.6037298,44503.3635,28056.97529
13,TAI_MRM20_z3,25.03581992,2842.125554,957.037402,795.3889256,915.4340392,646.406159,1945.786165,1754.663878,1390.478826,1.0000008,34792.83082,32806.25765,12.00001728,672.8187177,48044.52446,84464.48931,150.5139652,118.1808481,53.76285202,75.83370962,42.61820696,67.28677473,45.0306505,35.12815311,65.89461971,1.699674531,762.5915713,777.9676066,3.771243143,29.27740484,1210.735541,2311.682121,601.1944714,4.158185339,5.617633325,9.534167145,4.655519145,10.40936473,2.314265118,2.001987591,4.738987642,169.9673171,2.191806626,2.371400039,31.42698094,4.351455164,2.52002815,2.736868641,125.6514499,1.758035899,0.942952925,2.130767907,0.013831365,0.49212733,0.409037686,0.332850223,0.902295487,7860.598096,11060.01422,3.622734926,0.017779608,0.013216479,0.132762387,0.078115556,0.030425552,0.041136686,0.0403736,0.030556272,3062.165242,5132.22971,2.883162057,1.011333617,1.40160536,6.230729625,564.7711301,6.182455204,10.05694267,12.12965981,3.386503935,38.95588102,46.40346395,125.45524,1.746683616,0.94611161,2.177461586,-0.062990028,0.459250297,0.35515418,0.328594449,0.905340337,6753.844956,N/A,126.4782545,1.77811635,0.931934896,2.391057223,-0.071007012,0.461833078,0.359234407,0.290896454,0.885704897,10339.86575,N/A,132.1269167,1.728932833,0.941348619,2.102325655,0.065292748,0.480778818,0.417347303,0.319498383,0.907161423,4521.783235,8062.392527,122.8733849,1.769941153,0.967805585,2.007761677,0.14780216,0.519536364,0.395763891,0.404559833,0.953308394,7003.958508,N/A,127.1487509,1.755252771,0.930791646,2.183598703,-0.057912925,0.438793512,0.391839009,0.266904371,0.870845061,7014.556048,8131.582133,128.9096332,1.785154566,0.92565318,2.013344425,-0.00364552,0.499835979,0.436592746,0.379055499,0.915699664,6150.992314,N/A,122.581974,1.756470813,0.941399693,2.055074006,-0.032751422,0.515105872,0.405957144,0.320611539,0.878564259,5301.812777,N/A,120.9715455,1.738022664,0.939444551,2.212347971,-0.022740134,0.501559787,0.401647511,0.34486262,0.85606327,14315.37857,N/A,121.617228,1.7518992,0.961887986,1.942514235,0.063421684,0.514796807,0.499245429,0.317226925,0.942164538,6133.153398,N/A,128.3515709,1.769885023,0.94315148,2.222193591,0.112844097,0.52978279,0.42759524,0.356292162,0.908103031,11070.6354,16986.06799,3670.545504,2738.301411,880.0314219,1598.104837,880.0315275,1528.094614,1934.152795,1930.150349,1402.079545,0,33675.3286,31860.61937,12.000016,646.0172373,46400.07313,81046.24754,3844.59503,2880.333143,932.0352109,1690.116445,844.0288938,1532.095123,2036.167147,1984.158816,1412.081013,0,34234.89339,31904.6918,8.0000064,654.0175029,46520.57339,82718.99215,3838.592791,2680.289401,940.0360494,1714.119911,930.0347869,1504.091609,1972.15703,1958.153979,1324.071213,4.0000032,34258.92945,32249.59591,18.0000272,616.0154436,47076.56636,81392.22122,3922.622806,2634.278745,968.0377839,1620.106209,928.0346637,1618.106063,1880.142376,1960.155632,1320.073054,0,33885.91755,32794.98025,12.0000416,684.0195174,47486.20785,84047.79346,3914.614197,2910.341258,870.0311899,1752.123602,908.0333452,1484.089129,2000.1616,1916.149247,1360.076161,4.0000032,34944.82862,32526.35455,12.000016,662.0181813,47955.93329,84174.78481,4044.657935,2926.345825,952.0367278,1812.13312,946.0369791,1682.113782,1924.149961,1956.154918,1522.094196,0,35364.03434,32734.83085,14.0000144,668.0181989,48238.9495,86113.98097,3970.633735,2914.341546,1012.042043,1774.127963,956.0367534,1586.102767,1982.158552,1916.150044,1364.075211,0,35215.56608,33151.92309,16.0000224,692.0195558,48295.20796,84829.12319,3862.598748,2822.321155,992.0404529,1740.12213,894.0323548,1608.104621,1996.160919,1892.14443,1428.082293,0,34806.44838,32698.72828,6.0000048,710.0210199,49419.57426,85892.34013,4228.716685,2966.353103,988.0396464,1952.153433,988.0395216,1582.101282,1936.150748,1992.160381,1320.070605,0,35522.52418,34168.68923,14.0000176,706.020495,49012.09813,85864.25551,4302.744806,2948.349952,1036.043493,1824.134247,880.031566,1664.112062,1974.157502,1978.158008,1452.084965,2.0000016,36019.83762,33972.16316,8.0000064,690.0200246,50040.06076,88565.15408,3960.032224,2842.125554,957.037402,1747.72419,915.4340392,1578.901105,1963.555863,1948.35358,1390.478826,1.0000008,34792.83082,32806.25765,12.00001728,672.8187177,48044.52446,84464.48931
14,TA_MG_G1_z4,-17.14946391,1139.052787,394.4065908,323.1483739,400.6067801,268.6964437,816.9604706,731.9139322,1116.450754,0.60000048,37129.9409,36149.07681,10.60001136,808.0268176,50618.86424,97280.45888,83.96379505,39.72780361,37.58142643,28.5296237,23.75973029,38.52674295,18.18445563,52.81800899,54.10607565,0.966092556,475.9580921,506.0574742,2.503334622,40.58710293,867.925691,2491.788244,489.6001153,3.487793021,9.528600003,8.828645291,5.930935637,14.3383896,2.225867259,7.216423498,4.846257252,161.0152972,1.281871397,1.399918114,23.61633905,5.02298959,1.714628932,2.561447873,120.6893734,1.921637272,0.973659088,2.046431244,-0.021547375,0.483214371,0.395806206,0.329024989,0.896966955,9772.182847,18254.65275,7.198379502,0.024484681,0.013892843,0.140959189,0.102117859,0.049479468,0.036501071,0.047400268,0.076221302,2907.360251,348.6192479,5.964385513,1.274157245,1.426869343,6.888049126,473.9225143,10.23965154,9.221955119,14.40628195,8.497671077,29.75139022,1.909755571,126.2100927,1.920543164,0.958054848,2.173069679,0.021885867,0.496701081,0.409070482,0.253135294,0.897148388,7951.478746,N/A,111.5942582,1.910141758,0.961159012,2.176418086,-0.133581161,0.412101764,0.32285396,0.315880531,0.796192921,6950.966703,N/A,111.2120362,1.916959697,0.955917926,2.063388256,-0.200669295,0.537101526,0.437173175,0.3072646,0.899020314,9720.267708,N/A,127.4996844,1.933968189,0.989475309,1.95345808,-0.060956262,0.517006105,0.386152031,0.338205799,0.934103471,9894.279047,N/A,123.4799739,1.929671313,0.979199716,2.118613304,-0.004384346,0.516258256,0.399965445,0.36033791,0.941962072,8273.417205,N/A,108.9937806,1.864132479,0.989446767,2.263231612,0.171756856,0.429904132,0.373531983,0.301261984,0.788938568,6508.699755,17865.52138,123.9591243,1.941748406,0.983821228,1.8472667,-0.010764314,0.428661499,0.362430684,0.269704947,0.990383906,9693.913248,N/A,122.0576464,1.920152512,0.987762256,1.999092482,-0.0630496,0.507476918,0.438191929,0.392309218,0.801281864,9862.56748,18538.48187,124.4270972,1.957831754,0.971759571,2.029638666,0.048134718,0.543668758,0.431334063,0.37987148,0.93639853,12380.88963,18359.955,127.4600398,1.921223449,0.959994246,1.840135577,0.016153792,0.443263667,0.397358308,0.372278124,0.984239515,16485.34895,N/A,1588.102365,1134.052161,408.0070625,716.0208614,378.0062001,580.0138307,836.0287338,896.0326668,1142.052625,0,36966.76535,35416.18875,12.0000096,756.0237,49682.72678,95417.82128,1496.090255,1162.054663,348.0051873,662.0181845,388.0064257,648.0172997,860.0304683,842.0287194,1218.060318,0,37233.42799,35787.24486,14.0000144,872.0308331,50945.76542,97313.63393,1426.082448,1146.052839,430.0075985,734.0218999,388.0063105,622.01573,814.0267705,866.0308123,1050.045066,0,37448.03849,35797.25127,10.000008,874.0308891,50706.72848,97202.75485,1608.104397,1196.058217,406.0067121,704.0199814,402.0068433,658.0181909,800.0262633,894.0326844,1152.054966,0,36786.12123,36398.95865,10.0000112,776.024676,51160.56294,98942.90128,1536.095209,1112.050092,420.0073313,698.020207,384.0061377,658.0178069,828.0276265,924.0346925,1132.051698,0,37030.83887,36260.58692,12.000016,804.0262377,51449.76669,99281.13884,1628.10705,1072.046655,360.0055073,672.0187941,370.0057937,604.015514,852.0292906,820.0273577,1144.052697,2.0000016,36112.17148,35731.07134,14.0000176,836.0285386,48881.67131,91121.91112,1636.108222,1188.058217,350.0050385,694.0199318,442.0080882,610.0151348,830.028169,956.0378928,1058.04536,0,36944.55026,36346.83279,10.000008,782.0256121,49923.67173,96939.21003,1540.097283,1150.054014,420.0073889,748.0228839,414.0070641,702.0202902,842.0288442,820.0273865,1126.051521,2.0000016,37536.35368,37076.99341,10.0000176,808.0267913,51363.54939,98625.84838,1546.096472,1088.048399,448.0089122,720.0214439,406.0070257,670.0183765,838.0290106,924.0347533,1094.048653,2.0000016,37787.06222,36719.93937,8.0000064,796.0259337,50590.24915,99047.19625,1594.102363,1142.052612,354.0051697,700.0209319,434.0079122,672.0186149,812.0269417,932.0361551,1048.044639,0,37454.07944,35955.70076,6.0000048,776.024964,51483.95045,98912.17284,1559.898606,1139.052787,394.4065908,704.820512,400.6067801,642.4170789,831.2282119,887.4323121,1116.450754,0.60000048,37129.9409,36149.07681,10.60001136,808.0268176,50618.86424,97280.45888
15,TA_MG_G1_z5,93.62057816,2750.105582,1522.494268,1216.883415,1473.088266,944.6349029,3085.400319,2781.721314,4413.183267,0.60000048,37030.06977,46937.68737,13.6000208,1058.44566,50658.25879,132124.9461,150.2975696,101.0555207,68.56706107,82.89530539,47.60808366,55.36806301,91.93843972,89.0973412,113.6711196,0.966092556,736.6352056,733.9110117,6.785626639,64.31569932,643.154125,3021.946378,160.5390316,3.674605126,4.503600604,6.812099204,3.231855466,5.861318785,2.979789662,3.202957131,2.575717179,161.0152972,1.989289273,1.563585794,49.89423722,6.076429028,1.269593824,2.287188354,125.1675794,2.607960859,1.267740071,2.096530255,0.029822,0.493556966,0.394476431,0.306493375,0.902299394,11988.29959,23717.27986,6.621710749,0.036032172,0.016613105,0.093063597,0.048434173,0.019824142,0.025613919,0.02165634,0.0393129,6110.046243,158.274746,5.290276268,1.381622424,1.310450431,4.438934147,162.4108844,4.016586454,6.493143177,7.065842795,4.356968416,50.96674632,0.66733937,129.17674,2.564826553,1.286303608,2.05699558,0.082185732,0.485499753,0.403102356,0.307671791,0.868864176,9042.719513,N/A,121.1014457,2.596568651,1.244350956,1.924431974,-0.032659178,0.47728098,0.369496414,0.307888704,0.90234437,10879.40733,N/A,122.5045498,2.617322786,1.283510846,2.099383286,0.119227197,0.484598267,0.392171775,0.283642451,0.906568627,4385.842063,23593.48716,130.6595638,2.618699236,1.256996275,2.113031653,0.032521239,0.498413577,0.415653658,0.320133484,0.952833347,8362.54664,N/A,122.929736,2.583048426,1.266478604,2.126124641,0.045973985,0.527814006,0.439739683,0.351434818,0.946338967,8205.908824,23662.73987,140.1244449,2.571569586,1.274273643,2.030911862,0.010005645,0.50997644,0.37141961,0.327516022,0.933299729,10836.68023,N/A,116.3112878,2.616046781,1.283415092,2.176680141,0.02652368,0.520464804,0.424097837,0.289944645,0.840469057,9388.40293,N/A,124.2006093,2.585413431,1.283605382,2.02832293,-0.042294344,0.482485728,0.380296853,0.287685797,0.897356151,13314.87563,N/A,121.7784179,2.684290388,1.250084556,2.146303948,0.011091729,0.481173489,0.362415766,0.302658261,0.926391451,22935.96472,23895.61255,122.8889988,2.641822755,1.248381743,2.263116535,0.045644312,0.467862615,0.386370362,0.286357781,0.848528063,22530.64807,N/A,3904.612196,2636.280533,1504.090969,2132.182688,1506.092798,1818.132939,3152.399737,3284.435252,4254.727054,0,35588.62808,45777.78072,14.000024,980.0393648,49359.39627,126598.2902,3616.525715,2682.288926,1420.081685,1998.161477,1546.096632,1796.131965,3030.370486,3284.435697,4304.743156,0,36798.14587,45789.80801,12.0000128,1078.04681,50279.05854,130553.0272,4088.675166,2682.288429,1524.093507,2132.18337,1498.090401,1772.126963,3200.411061,3454.479848,4330.755075,2.0000016,36764.01506,47187.01207,30.0000816,1074.0468,50271.07106,131575.6198,3878.603933,2732.30172,1466.087319,2138.184043,1392.079281,1838.137068,2998.361207,3422.470988,4448.795858,0,36784.08911,46237.46301,16.0000224,1024.042402,51094.42572,133800.9336,3844.593625,2676.291296,1598.103919,2228.202137,1424.083272,1942.151902,3082.382136,3460.484056,4272.731722,2.0000016,37367.79875,47325.5176,16.000016,1068.046485,50829.34999,131294.6725,3838.596134,2750.305751,1566.101407,2062.171648,1512.093654,1908.147506,3128.396195,3492.490248,4496.81288,0,37263.77216,47484.2427,12.0000192,928.0348685,50568.48221,130040.3708,3994.640825,2824.320501,1654.110182,2294.211608,1460.086056,1848.137918,3236.425795,3306.440237,4560.838114,0,36591.53991,46962.13456,14.0000112,1130.051508,50242.88828,131437.7462,3964.634093,2956.355144,1466.087319,2146.18604,1498.091242,1844.139166,3096.386894,3356.455323,4520.821379,0,36978.68249,47466.03585,10.0000112,1072.047119,51500.04397,133148.9054,4000.642263,2864.33089,1514.093582,2100.178162,1466.087204,1892.145759,3204.417252,3544.50566,4518.819965,2.0000016,38230.42457,47791.26333,6.0000048,1130.05162,51267.14272,137615.8984,3880.605535,2696.292627,1512.092796,2152.186439,1428.082123,1810.131864,3288.437512,3358.453228,4422.787471,0,37933.60173,47355.61585,6.0000048,1100.049621,51170.72912,135183.9966,3901.212948,2750.105582,1522.494268,2138.384761,1473.088266,1846.938305,3141.798827,3396.465054,4413.183267,0.60000048,37030.06977,46937.68737,13.6000208,1058.44566,50658.25879,132124.9461
16,TA_MG18_1_z4,288.0551656,4337.756279,3628.729634,2849.456792,3487.090339,2075.485744,7446.085348,6504.433279,11974.74998,0.60000048,34208.4214,113409.7682,15.40002224,2018.964975,46940.92343,276390.972,193.6025208,117.5308849,121.377474,180.7823788,115.5722281,146.7319414,116.6355287,225.4945341,238.0744885,1.349898195,623.1943258,2323.32912,5.501525846,67.40129888,940.4856854,5715.08754,67.21022358,2.709485674,3.344902658,6.344450609,3.314288327,7.069763878,1.566400642,3.466782184,1.988137447,224.9828526,1.821757042,2.048614645,35.72414221,3.338408527,2.003551734,2.067754782,137.0009231,5.888278015,3.315373486,2.136883661,0.038718521,0.487389172,0.382772993,0.27873661,0.873469516,22918.29381,42829.8506,4.321838358,0.060376146,0.042639955,0.059079433,0.025824103,0.016464022,0.02547862,0.019516552,0.024566697,16807.76565,20290.58046,3.154605282,1.025361677,1.28612825,2.764747298,66.69702881,3.378003145,6.656326367,7.001789785,2.812541943,73.3377702,47.37485696,140.3922974,5.897692452,3.329455284,2.134946324,0.036210098,0.480379926,0.354831016,0.270902274,0.873007777,67253.11099,N/A,134.1956796,5.913040889,3.24902479,2.224404211,0.036361107,0.481086521,0.356466656,0.239270702,0.843607662,14852.16599,N/A,139.9085574,5.772528527,3.343003943,2.189896692,0.00992633,0.466750548,0.386959361,0.297033512,0.836930417,15235.67606,N/A,135.1039213,5.903535397,3.258105276,2.123267706,0.058219507,0.525238624,0.429208771,0.308508514,0.858085372,15718.39434,N/A,130.8524623,5.835624801,3.357001757,2.092287959,0.024932842,0.480343606,0.389027467,0.264917873,0.876714334,12634.26915,N/A,143.8528775,5.966212414,3.345697602,2.191531898,0.081026745,0.487429927,0.356487122,0.272913033,0.883540487,34922.98239,28482.24356,133.0047118,5.823123516,3.282150147,2.158553907,0.043868515,0.502016854,0.375036258,0.2784425,0.862897812,13740.51321,N/A,133.0914694,5.890780289,3.331721032,2.096780648,0.034623908,0.476920712,0.418405462,0.288699452,0.912965372,19489.98612,57177.45764,138.2281698,5.941138433,3.287942777,2.137333929,0.067330315,0.479167206,0.372676453,0.293860575,0.879615311,17573.67801,N/A,141.3790849,5.939103428,3.369632255,2.019833335,-0.005314156,0.494557798,0.388631362,0.272817668,0.90733062,17762.16189,N/A,6159.520733,4256.727258,3528.503045,4032.654833,3440.477206,3386.463195,7496.257738,8058.603503,11817.59464,0,33176.08139,110458.2795,4.0000032,1916.149705,45613.20573,269012.6592,6031.459722,4164.698063,3510.494235,3996.642475,3280.434468,3112.38923,7444.223984,7760.4234,11519.31862,0,33597.15124,109157.9772,18.0000368,1992.162007,45211.85282,267339.5344,6001.445431,4280.73477,3510.496674,4344.758242,3434.472966,3638.53029,7676.360377,7986.563009,12145.91724,0,33438.735,111785.823,18.000024,1960.155545,47508.21644,274242.5347,6313.601643,4254.72586,3814.584969,4542.828249,3420.470776,3636.532165,7416.208287,7906.510836,12021.79409,0,34862.59001,113585.9885,18.0000272,2094.177009,47925.77781,282931.5257,6227.559617,4362.763175,3606.52152,4382.768905,3588.517419,3420.472197,7662.35659,8262.735269,12061.83102,0,34353.20862,115323.7817,22.00004,2124.181859,47630.61987,277954.4266,6643.768794,4354.762949,3696.547784,4162.697585,3460.479955,3498.49266,7732.396618,8320.776233,11631.42542,4.0000032,34052.40968,113929.0654,8.0000096,1942.152282,46827.73172,279384.1943,6489.687681,4446.794224,3810.581828,4336.755111,3516.49574,3572.513594,7746.404463,8248.726607,12195.95454,0,34639.98896,113693.6449,20.000032,2066.172695,47193.00614,274810.7039,6343.617136,4396.777277,3528.500507,4568.840793,3528.50714,3578.517133,7552.29216,8430.854036,12033.80708,2.0000016,34323.10378,114355.0068,14.0000112,2050.169145,46319.84399,272860.024,6427.658662,4280.736531,3564.509964,4206.711479,3480.489804,3590.519636,7594.316287,8236.716995,12155.92938,0,34964.85157,114962.4312,16.0000192,2034.16703,47327.49265,281179.1855,6299.59084,4578.842682,3716.555812,4454.800399,3720.557918,3552.507276,7670.356463,8512.905303,12163.92773,0,34676.0938,116845.6841,16.0000192,2010.162476,47851.48713,284194.9313,6293.791026,4337.756279,3628.729634,4302.945807,3487.090339,3498.693738,7599.117297,8172.481519,11974.74998,0.60000048,34208.4214,113409.7682,15.40002224,2018.964975,46940.92343,276390.972
17,TA_MG18_1_z5,379.7377137,4696.888589,3999.444003,3116.657392,3833.39077,2271.947778,8132.451954,7115.398463,16443.63352,1.20000096,37805.77885,156936.2287,23.60004768,4144.492442,52308.99725,576126.0028,131.7354425,108.6265799,141.8718323,70.4838334,126.0313229,121.7061418,242.4451239,179.758692,399.551109,1.398412916,773.0731794,2985.86343,6.310510096,141.8693588,1257.813382,11929.32391,34.6911665,2.312734863,3.547288878,2.261520101,3.28772438,5.356907538,2.981205733,2.526333457,2.429822512,116.5343165,2.044854525,1.902596651,26.73939554,3.423081615,2.404583242,2.070610223,139.0939435,11.01563246,4.151482059,2.122598032,0.046813896,0.491817113,0.383452518,0.279350277,0.875579236,26540.64678,70029.63852,3.340874063,0.15304972,0.048815354,0.067243916,0.01651271,0.011158919,0.011184392,0.012215862,0.032387602,9434.432087,17413.86732,2.401883201,1.38938659,1.175853669,3.168000471,35.27309533,2.2689164,2.916760661,4.372955153,3.698991565,35.54710692,24.86642469,133.5757056,10.98548688,4.221158328,2.120112326,0.072388777,0.504715626,0.395192691,0.289966064,0.898794732,23602.33186,77517.09974,145.3511809,11.00994601,4.143539615,2.105964407,0.04639139,0.484213466,0.390191006,0.272388915,0.930783013,23732.31612,N/A,141.5169032,10.95879526,4.159209022,2.091864873,0.044719296,0.494822482,0.376859001,0.292392668,0.850273851,22091.09379,77881.26993,136.0974091,10.9587373,4.104878581,2.137073707,0.013023959,0.501341373,0.375794024,0.292611974,0.856786964,32124.42183,N/A,138.9720246,11.11024114,4.1847802,2.121095364,0.065513219,0.498838655,0.381942961,0.273689618,0.867403272,49297.20764,N/A,137.5713593,11.0488102,4.088340673,2.244561889,0.048478555,0.486509409,0.383453455,0.269169672,0.858360924,19345.76818,39009.12485,136.9410034,10.64536504,4.080391821,2.18528863,0.048893989,0.475218042,0.364680988,0.269201897,0.836257029,16975.44109,N/A,141.838348,11.14474607,4.142388118,2.082219916,0.054100199,0.483650546,0.394233106,0.263931317,0.910626173,21180.84423,75630.35375,140.2810777,11.09698395,4.18354416,2.149688783,0.031688628,0.480951074,0.372753346,0.272952214,0.90251086,24296.03863,N/A,138.7944236,11.19721279,4.206590074,1.988110424,0.042940952,0.507910461,0.399424598,0.297198433,0.843995541,32761.00438,80110.34434,6925.922019,4590.847845,3972.632543,4648.868643,3712.553955,3788.578755,8074.611643,9293.466189,15930.15389,2.0000016,36727.91008,155034.3235,24.0000608,4240.721749,51564.15969,566457.3997,6683.790777,4562.836844,3824.587736,4610.854644,3750.565361,3648.535833,8108.637938,9641.723352,16438.82117,0,37389.87256,154926.4181,24.0000384,3918.623123,51732.90567,569576.4982,6989.956593,4782.917228,4070.663688,4702.888445,3932.621708,3974.636434,8436.849746,9287.457306,16458.83394,2.0000016,37450.0689,155762.6645,26.0000528,4058.664316,52411.74703,574369.6049,6825.867014,4852.944184,4112.681365,4708.889292,3838.592551,3992.639937,8416.839842,9355.510265,16705.17224,0,38142.16783,156568.9678,18.000024,4248.724261,52765.23638,578240.3639,7031.983817,4684.882801,4154.695447,4750.905736,3926.620231,3816.587983,8536.92298,9493.611253,16290.63364,0,38130.15159,159566.3034,12.000016,4256.736434,53245.22421,591567.2805,6843.878205,4650.87061,4060.662701,4758.910561,3718.553959,3772.57136,8558.934422,9479.598632,16621.07642,4.0000032,38166.24805,156036.6242,30.0000624,4218.714241,52528.21275,580374.2527,7094.019153,4826.937862,3994.642538,4682.880709,3846.592637,3846.595669,8622.982965,9395.544774,16985.55623,0,38986.79854,159081.4139,34.00012,4214.713051,54217.68367,577167.0342,6709.822142,4546.837601,3706.553448,4544.832557,3680.543786,3514.497954,7864.49267,9167.390173,15711.90318,2.0000016,36515.36848,151260.8285,26.0000432,3882.609129,49413.67543,550702.8649,6841.87861,4752.91031,3966.633201,4666.873084,3836.591439,3810.586352,8456.867242,9725.785393,16384.74097,0,38461.15153,160903.9259,24.0000256,4156.694251,52546.30914,583105.5492,6879.897208,4716.900603,4130.687362,4828.935676,4090.672071,3964.632399,8348.802909,9219.405971,16909.44353,2.0000016,38088.0509,160220.8169,18.0000336,4248.723864,52664.81854,589699.1797,6882.701554,4696.888589,3999.444003,4690.483935,3833.39077,3812.986268,8342.594236,9405.949331,16443.63352,1.20000096,37805.77885,156936.2287,23.60004768,4144.492442,52308.99725,576126.0028
18,SN1,2.16999002,8.40000928,1.0000008,2.185341845,2.20000176,0.443979533,1.920768285,2.136359909,6.20000688,0,44017.31302,81946.00711,13.4000168,358.6054498,62404.76623,43324.80815,8.917143538,3.864371954,1.054093397,2.20531822,1.751191472,2.326623817,1.877081493,2.701867018,3.457685155,0,1475.082989,3014.366184,4.325640228,32.34698149,1846.119121,1159.444926,410.9301636,46.00437719,105.4092553,100.9141076,79.59954871,524.0385298,97.72555637,126.4705917,55.76905352,N/A,3.351142738,3.678478416,32.28085675,9.020214696,2.958298273,2.676168633,121.6429101,0.694374264,1.861572339,0.758329521,-29.08798157,0.462284025,-2.771375052,-1.933776744,-5.896499477,3575.916051,N/A,10.65972752,0.00999743,0.020695533,0.746978766,58.55226737,0.548328725,7.798933999,13.52523068,14.2597881,1211.799671,N/A,8.763130964,1.439775408,1.111723255,98.50318955,201.293676,118.6129513,281.4102693,699.4204848,241.8348065,33.88781094,N/A,137.6780313,0.693720372,1.901363476,1.948881769,-3.236295623,0,0.507741555,0.016118519,1.766558102,3146.965358,N/A,124.1332937,0.691788099,1.850866842,N/A,-158.5183155,0,-8.466822687,16.7060839,-15.18331942,3156.574934,N/A,123.3452616,0.715646009,1.84977136,-0.038338679,-99.31846365,0,-21.7133392,-34.84604017,-41.26665971,5581.453103,N/A,106.4931782,0.685781205,1.858831736,1.474440884,1.51308462,0,0.56281872,-0.44504698,0.489274034,2390.216986,N/A,109.6279159,0.690637913,1.835197137,0,N/A,N/A,N/A,N/A,N/A,3100.949115,N/A,106.8484567,0.68650829,1.86135634,N/A,-2.726526226,1.012944984,-0.35002396,-0.300524133,-0.141100324,2147.686818,N/A,131.4980371,0.697554035,1.863293989,0.474440884,-2.269597697,1.053872077,3.156099696,1.070424488,0.466666442,4444.693162,N/A,129.0474385,0.705874188,1.844761106,0.974440895,-2.36766923,0,-0.010745859,1.058468726,-0.285901639,5097.438423,N/A,122.9448803,0.694014387,1.856967246,N/A,4.239926616,1.03986711,1.377413923,0.373844048,-0.434551495,2349.64518,N/A,124.8126079,0.682218144,1.893314155,0.474440895,0.892022535,1.053872054,-0.005517655,-1.03731909,1.520538721,4343.537436,N/A,4.0000032,12.0000128,0,6.0000048,2.0000016,4.0000032,4.0000032,8.0000096,8.0000096,0,44167.98411,83979.3918,14.0000112,320.0042145,63509.09104,44057.55026,26.0000496,10.0000112,0,4.0000032,0,2.0000016,0,2.0000016,6.000008,0,45025.01076,83335.29947,14.0000208,356.0053345,63880.99879,44192.11473,18.0000208,2.0000016,0,4.0000032,4.0000032,6.0000048,0,8.0000096,12.000016,0,45031.0121,83297.07647,8.0000096,362.0056241,62393.52675,44651.6784,20.0000384,8.0000064,0,6.0000048,4.0000032,0,6.0000048,4.0000032,8.0000096,0,44563.33294,82835.73753,18.0000368,404.0070401,62737.20156,43023.9937,8.0000096,4.0000032,2.0000016,6.000008,2.0000016,2.0000016,0,2.0000016,0,0,44667.69458,81974.02521,14.0000208,396.0063617,62859.78699,43413.35211,14.0000176,14.0000176,2.0000016,4.0000032,0,4.0000064,2.0000016,0,2.0000016,0,44171.98268,82219.8,20.0000224,402.0065969,62568.48622,42953.78446,4.0000032,6.000008,2.0000016,8.0000096,4.0000032,4.0000032,2.0000016,2.0000016,8.0000096,0,44743.98781,83371.20352,10.0000112,338.0049041,63718.3346,44446.9814,12.0000128,12.0000096,0,4.0000032,2.0000016,6.000008,2.0000016,0,4.0000032,0,40047.89012,73878.79008,8.0000096,316.0043841,57771.70637,40779.55632,22.0000368,10.0000176,2.0000016,6.0000048,0,4.0000064,2.0000016,0,6.0000048,0,43403.64869,80599.15396,18.0000144,344.0049473,60940.59124,42293.64707,10.0000112,6.0000048,2.0000016,2.0000016,4.0000032,0,2.0000016,4.0000032,8.0000064,0,44350.5864,83969.59301,10.0000112,348.0050913,63667.93873,43435.423,13.80002032,8.40000928,1.0000008,5.00000464,2.20000176,3.20000352,2.0000016,3.00000304,6.20000688,0,44017.31302,81946.00711,13.4000168,358.6054498,62404.76623,43324.80815