"L1, L2 = maximum length of Crystal (including tips, in two orientations)"
"W1, W2 = mutually perpendicular widths of orthorhombic prism or equatorial diameters"
"h1, h2 = tip heights of pyramidal terminations (zircons only)"
AI = abrasion index:
"apatite: 1 = both tips present, 1.5 = one tip missing, 2 = both tips missing, DUR = durango"
"zircon: 1-5 (1=euhedral, 5=rounded, 3=still has pyramids)"

sample_name,morph_comments,AI,L1_(um),L2_(um),W1_(um),W2_(um),h1_(um),h2_(um)
FCT_MH_1
NZ2403_Z1
NZ2403_Z2
NZ2403_Z3
NZ2403_Z4
NZ2407_Z1
NZ2407_Z2
NZ2407_Z4
NZ2408_Z1
NZ2408_Z2
FCT_MH_2
NZ2408_Z3
NZ2408_Z4
NZ2420_Z1
NZ2420_Z2
NZ2420_Z3
FCT_MH_3
NZ2420_Z4
NZ2420_Z5
NZ2421_Z1
NZ2421_Z2
NZ2421_Z3
NZ2421_Z4
NZ2521_Z1
FCT_MH_4
NZ2521_Z2
NZ2521_Z3
NZ2521_Z4
NZ2522_Z1
NZ2522_Z2
NZ2522_Z3
NZ2522_Z4
NZ2530_Z1
NZ2530_Z2
NZ2530_Z3
NZ2530_Z4
DR_MH_1
DR_MH_2
NZ2403_A1
NZ2403_A2
NZ2403_A3
NZ2403_A4
NZ2403_A5
NZ2403_A6
NZ2407_A1
NZ2407_A2
NZ2407_A3
NZ2407_A4
DR_MH_3
NZ2407_A5
NZ2407_A6
NZ2408_A1
NZ2408_A2
NZ2408_A3
NZ2408_A4
NZ2408_A5
NZ2420_A1
DR_MH_4
NZ2420_A2
NZ2420_A3
NZ2420_A4
NZ2420_A5
NZ2420_A6
NZ2421_A1
NZ2421_A2
NZ2421_A3
NZ2421_A4
NZ2421_A5
NZ2521_A1
NZ2521_A2
NZ2521_A3
NZ2521_A4
NZ2522_A1
NZ2522_A2
NZ2522_A3
NZ2522_A4
NZ2522_A5
NZ2530_A1
NZ2530_A2
NZ2530_A3
NZ2530_A4
DR_MH_5
NZ2530_A5
NZ2530_A6
NZ2520_A1
NZ2520_A2
NZ2520_A3
NZ2520_A4
NZ2520_A5
NZ2515_A1
NZ2515_A2
NZ2515_A3
DR_MH_6
NZ2419_A2
NZ2419_A3
NZ2419_A4
NZ2419_A5
NZ2419_A6
NZ2514_A1
NZ2514_A2
NZ2514_A3
NZ2514_A4
NZ2514_A5
NZ2405_A1
NZ2405_A2
DR_MH_7
NZ2405_A3
NZ2405_A4
NZ2405_A5
NZ2405_A6
NZ2517_A1
NZ2517_A2
NZ2517_A3
NZ2517_A4
NZ2517_A5
NZ2517_A6
NZ2518_A1
NZ2518_A2
NZ2518_A3
NZ2518_A4
NZ2518_A5
NZ2516_A2
NZ2516_A3
NZ2516_A4
NZ2516_A5
NZ2516_A6
NZ2406_A1
NZ2406_A2
NZ2406_A3
DR_MH_8
NZ2406_A4
NZ2406_A5
NZ2415_A3
NZ2409_A1
NZ2409_A2
NZ2409_A3
NZ2409_A4
NZ2409_A5
NZ2415_A1
NZ2415_A2
DR_MH_9
NZ2515_A4
NZ2515_A5
NZ2515_A6
NZ2419_A1
NZ941466_A4
NZ2415_A4
NZ2415_A5
NZ2414_A1
NZ2414_A2
NZ2414_A3
NZ2414_A4
NZ2414_A5
NZ2414_A6
NZ2418_A1
NZ2418_A2
NZ2418_A3
NZ2418_A4
NZ941455_A1
NZ941455_A2
NZ941455_A3
NZ941457_A1
NZ941457_A2
NZ941457_A3
NZ941460_A1
DR_MH_10
NZ941460_A2
NZ941460_A3
NZ941460_A4
NZ941460_A5
NZ941460_A6
NZ941461_A1
NZ941461_A2
NZ941461_A3
NZ941461_A4
NZ941461_A5
NZ941462_A1
NZ941462_A2
NZ941462_A3
NZ941462_A4
NZ941463_A1
DR_MH_11
Nz941463_A2
NZ941463_A3
NZ941463_A4
NZ941463_A5
NZ941466_A1
NZ941466_A2
NZ941466_A3
