,aliquot_type,intercept,error,QST,QRT,notes,time_of_collection,file
lb01_02172026,lb,0.003177839,8.92E-05,12359,2009,,1771347103,10000-8427-24718-001.csv
hb01_02172026,hb,0.00318386,4.31E-05,12360,2009,,1771349204,10000-8428-24720-001.csv
std2010,std,1.257131239,0.001709308,12361,2010,,1771349885,10000-8429-24722-001.csv
FCT_MH_1,zirc,2.8433283,0.002791177,12362,2010,,1771351841,10000-8430-24724-001.csv
FCT_MH_1_re1,zirc,0.343889801,0.000645825,12363,2010,,1771353582,10000-8431-24726-001.csv
FCT_MH_1_re2,zirc,0.099889036,0.00026932,12364,2010,,1771355137,10000-8432-24728-001.csv
NZ2403_Z1,zirc,4.471993776,0.003207503,12365,2010,,1771357330,10000-8433-24730-001.csv
NZ2403_Z1_re1,zirc,0.080176178,0.00025105,12366,2010,,1771358888,10000-8434-24732-001.csv
NZ2403_Z2,zirc,3.503644904,0.004122807,12367,2010,"grain packet misaligned, pyrometer shut off mid-run after re-positioning",1771360953,10000-8435-24734-001.csv
NZ2403_Z2_re1,zirc,0.34075894,0.00072577,12368,2010,"maxed laser, temp approx 1100",1771362554,10000-8436-24736-001.csv
NZ2403_Z2_re2,zirc,0.020965033,0.000118536,12369,2010,,1771365983,10000-8437-24738-001.csv
NZ2403_Z3,zirc,3.607833401,0.004394683,12370,2010,,1771367679,10000-8438-24740-001.csv
NZ2403_Z3_re1,zirc,0.391112135,0.000512866,12371,2010,,1771369219,10000-8439-24742-001.csv
NZ2403_Z3_re2,zirc,0.173548939,0.000316764,12372,2010,,1771370760,10000-8440-24744-001.csv
NZ2403_Z3_re3,zirc,0.077290736,0.000302167,12373,2010,,1771372391,10000-8441-24746-001.csv
NZ2403_Z4,zirc,1.196351345,0.0017609,12374,2010,,1771373925,10000-8442-24748-001.csv
NZ2403_Z4_re1,zirc,0.018682114,0.000104886,12375,2010,,1771375424,10000-8443-24750-001.csv
std2011,std,1.255888263,0.001503545,12376,2011,,1771376147,10000-8444-24752-001.csv
lb02_02182026,lb,0.00296541,3.23E-05,12378,2011,,1771426636,10000-8446-24756-001.csv
hb01_02182026,hb,0.003233933,5.61E-05,12379,2011,,1771428109,10000-8447-24758-001.csv
std2012,std,1.253173929,0.001759459,12380,2012,,1771428728,10000-8448-24760-001.csv
NZ2407_Z1,zirc,9.875202145,0.010309252,12381,2012,,1771430666,10000-8449-24762-001.csv
NZ2407_Z1_re1,zirc,0.406187033,0.000774187,12382,2012,,1771432405,10000-8450-24764-001.csv
NZ2407_Z1_re2,zirc,0.242489237,0.000704775,12383,2012,,1771434165,10000-8451-24766-001.csv
NZ2407_Z2,zirc,14.11386496,0.015556823,12384,2012,,1771435677,10000-8452-24768-001.csv
NZ2407_Z2_re1,zirc,0.301282045,0.000494314,12385,2012,,1771437145,10000-8453-24770-001.csv
NZ2407_Z4,zirc,13.5548679,0.015623959,12386,2012,,1771439596,10000-8454-24772-001.csv
NZ2407_Z4_re1,zirc,0.756153094,0.000945806,12387,2012,,1771441103,10000-8455-24774-001.csv
NZ2407_Z4_re2,zirc,0.342718611,0.000587686,12388,2012,,1771442589,10000-8456-24776-001.csv
std2013,std,1.258040587,0.002105572,12389,2013,,1771443245,10000-8457-24778-001.csv
NZ2408_Z1,zirc,1.159653639,0.001820102,12390,2013,,1771444770,10000-8458-24780-001.csv
NZ2408_Z1_re1,zirc,0.303881796,0.000424154,12391,2013,,1771446222,10000-8459-24782-001.csv
NZ2408_Z1_re2,zirc,0.16701876,0.000317892,12392,2013,,1771447919,10000-8460-24784-001.csv
NZ2408_Z1_re3,zirc,0.101532064,0.000394054,12393,2013,,1771449455,10000-8461-24786-001.csv
std2014,std,1.257149897,0.001294528,12394,2014,,1771450212,10000-8462-24788-001.csv
NZ2408_Z2,zirc,5.885567795,0.006106348,12395,2014,,1771451982,10000-8463-24790-001.csv
lb02_02192026,lb,0.003076551,5.51E-05,12397,2014,,1771513571,10000-8465-24794-001.csv
hb01_02192026,hb,0.002982133,6.64E-05,12398,2014,,1771516705,10000-8466-24796-001.csv
std2015,std,1.25923737,0.001619112,12399,2015,,1771517332,10000-8467-24798-001.csv
FCT_MH_2,zirc,2.265225012,0.003611567,12400,2015,,1771518812,10000-8468-24800-001.csv
FCT_MH_2_re1,zirc,0.273269763,0.000596521,12401,2015,,1771520214,10000-8469-24802-001.csv
FCT_MH_2_re2,zirc,0.115988642,0.000330806,12402,2015,,1771521653,10000-8470-24804-001.csv
NZ2408_Z2_re1,zirc,0.341874978,0.00059066,12403,2015,,1771523168,10000-8471-24806-001.csv
NZ2408_Z3,zirc,1.622368941,0.002174089,12404,2015,,1771524649,10000-8472-24808-001.csv
NZ2408_Z3_re1,zirc,0.198341323,0.000586918,12405,2015,,1771526077,10000-8473-24810-001.csv
NZ2408_Z3_re2,zirc,0.117247188,0.000353446,12406,2015,,1771527508,10000-8474-24812-001.csv
NZ2408_Z4,zirc,0.846206341,0.001130118,12407,2015,,1771528983,10000-8475-24814-001.csv
std2016,std,1.25738164,0.001398271,12408,2016,,1771529563,10000-8476-24816-001.csv
NZ2408_Z4_re1,zirc,0.162932683,0.000422508,12409,2016,,1771531009,10000-8477-24818-001.csv
NZ2408_Z4_re2,zirc,0.073989295,0.000162562,12410,2016,,1771532417,10000-8478-24820-001.csv
NZ2420_Z1,zirc,2.887273106,0.001990754,12411,2016,,1771533958,10000-8479-24822-001.csv
NZ2420_Z1_re1,zirc,0.224940096,0.000608445,12412,2016,,1771535363,10000-8480-24824-001.csv
NZ2420_Z2,zirc,2.209977468,0.002348098,12413,2016,,1771536925,10000-8481-24826-001.csv
NZ2420_Z2_re1,zirc,0.485946615,0.000651627,12414,2016,,1771538366,10000-8482-24828-001.csv
NZ2420_Z2_re2,zirc,0.279970501,0.000627049,12415,2016,,1771539781,10000-8483-24830-001.csv
NZ2420_Z2_re3,zirc,0.172367716,0.000324321,12416,2016,,1771541215,10000-8484-24832-001.csv
NZ2420_Z3,zirc,2.513901257,0.001589464,12417,2016,,1771542711,10000-8485-24834-001.csv
std2017,std,1.25881211,0.001962211,12418,2017,,1771543304,10000-8486-24836-001.csv
NZ2420_Z3_re1,zirc,0.041638547,0.000213305,12419,2017,,1771544748,10000-8487-24838-001.csv
FCT_MH_3,zirc,1.720095123,0.001944779,12420,2017,,1771546200,10000-8488-24840-001.csv
FCT_MH_3_re1,zirc,0.065328916,0.000301537,12421,2017,,1771547620,10000-8489-24842-001.csv
NZ2420_Z4,zirc,2.470976695,0.002175156,12422,2017,,1771549137,10000-8490-24844-001.csv
NZ2420_Z4_re1,zirc,0.652404729,0.001008808,12423,2017,,1771550532,10000-8491-24846-001.csv
NZ2420_Z4_re2,zirc,0.353501331,0.000869739,12424,2017,,1771551926,10000-8492-24848-001.csv
NZ2420_Z4_re3,zirc,0.192225527,0.000458771,12425,2017,,1771553349,10000-8493-24850-001.csv
NZ2420_Z5,zirc,11.86511476,0.012110771,12426,2017,,1771554798,10000-8494-24852-001.csv
std2018,std,1.255283956,0.001318596,12427,2018,,1771555378,10000-8495-24854-001.csv
NZ2420_Z5_re1,zirc,0.101115894,0.000303742,12428,2018,,1771556767,10000-8496-24856-001.csv
NZ2421_Z1,zirc,8.648488446,0.00725403,12429,2018,,1771558274,10000-8497-24858-001.csv
NZ2421_Z1_re1,zirc,0.288662065,0.000655976,12430,2018,,1771559729,10000-8498-24860-001.csv
lb02_02202026,lb,0.002872943,4.87E-05,12432,2018,,1771597191,10000-8500-24864-001.csv
hb01_02202026,hb,0.003084667,4.57E-05,12433,2018,,1771598627,10000-8501-24866-001.csv
std2019,std,1.251348131,0.001504412,12434,2019,,1771599209,10000-8502-24868-001.csv
NZ2421_Z2,zirc,3.005906072,0.003707117,12435,2019,,1771600608,10000-8503-24870-001.csv
NZ2421_Z2_re1,zirc,0.092935316,0.000257056,12436,2019,,1771602036,10000-8504-24872-001.csv
NZ2421_Z3,zirc,8.313061085,0.006790447,12437,2019,,1771603507,10000-8505-24874-001.csv
NZ2421_Z3_re1,zirc,0.375128469,0.00079866,12438,2019,,1771604927,10000-8506-24876-001.csv
NZ2421_Z4,zirc,8.585757403,0.010534967,12439,2019,,1771606504,10000-8507-24878-001.csv
NZ2421_Z4_re1,zirc,0.402598724,0.000658426,12440,2019,,1771607934,10000-8508-24880-001.csv
NZ2521_Z1,zirc,1.749333652,0.00181571,12441,2019,,1771609398,10000-8509-24882-001.csv
NZ2521_Z1_re1,zirc,0.042126499,0.000162483,12442,2019,,1771611888,10000-8510-24884-001.csv
std2020,std,1.256686693,0.001488133,12443,2020,,1771612473,10000-8511-24886-001.csv
FCT_MH_4,zirc,2.929557431,0.003115506,12444,2020,,1771614025,10000-8512-24888-001.csv
FCT_MH_4_re1,zirc,0.161408989,0.000494377,12445,2020,,1771615416,10000-8513-24890-001.csv
NZ2521_Z2,zirc,1.507052128,0.001623147,12446,2020,,1771616982,10000-8514-24892-001.csv
NZ2521_Z2_re1,zirc,0.176118518,0.000390981,12447,2020,,1771618374,10000-8515-24894-001.csv
NZ2521_Z2_re2,zirc,0.052431329,0.000219701,12448,2020,,1771619784,10000-8516-24896-001.csv
NZ2521_Z3,zirc,6.3350576,0.004984745,12449,2020,,1771621313,10000-8517-24898-001.csv
NZ2521_Z3_re1,zirc,0.00399619,7.34E-05,12450,2020,,1771622769,10000-8518-24900-001.csv
NZ2521_Z4,zirc,11.05849144,0.013698003,12451,2020,,1771624286,10000-8519-24902-001.csv
std2021,std,1.261902384,0.001745756,12452,2021,,1771624915,10000-8520-24904-001.csv
NZ2521_Z4_re1,zirc,0.655781384,0.000924696,12453,2021,,1771626429,10000-8521-24906-001.csv
NZ2522_Z1,zirc,14.35885454,0.01241649,12454,2021,,1771627945,10000-8522-24908-001.csv
NZ2522_Z1_re1,zirc,0.41720414,0.000722484,12455,2021,,1771629334,10000-8523-24910-001.csv
NZ2522_Z2,zirc,3.972201557,0.003710918,12456,2021,,1771630814,10000-8524-24912-001.csv
NZ2522_Z2_re1,zirc,0.067154642,0.000210493,12457,2021,,1771632215,10000-8525-24914-001.csv
NZ2522_Z3,zirc,6.575872851,0.006319849,12458,2021,,1771633700,10000-8526-24916-001.csv
NZ2522_Z3_re1,zirc,0.845165523,0.001186558,12459,2021,,1771635104,10000-8527-24918-001.csv
NZ2522_Z3_re2,zirc,0.525681481,0.000668883,12460,2021,,1771636509,10000-8528-24920-001.csv
std2022,std,1.259427811,0.00166314,12461,2022,,1771637044,10000-8529-24922-001.csv
NZ2522_Z4,zirc,2.183246251,0.002403605,12462,2022,,1771638453,10000-8530-24924-001.csv
NZ2522_Z4_re1,zirc,0.013019118,0.000111079,12463,2022,,1771639891,10000-8531-24926-001.csv
NZ2530_Z1,zirc,0.317781045,0.000452338,12464,2022,,1771641353,10000-8532-24928-001.csv
NZ2530_Z1_re1,zirc,0.053440612,0.000354109,12465,2022,,1771643011,10000-8533-24930-001.csv
NZ2530_Z1_re2,zirc,0.032944572,0.000167311,12466,2022,,1771644402,10000-8534-24932-001.csv
NZ2530_Z1_re3,zirc,0.021528781,0.000155228,12467,2022,,1771645845,10000-8535-24934-001.csv
std2023,std,1.265750495,0.001557407,12468,2023,,1771646393,10000-8536-24936-001.csv
lb02_02212026,lb,0.003050495,4.27E-05,12470,2023,,1771687682,10000-8538-24940-001.csv
hb01_02212026,hb,0.002985208,5.83E-05,12471,2023,,1771689144,10000-8539-24942-001.csv
std2024,std,1.25151694,0.001964678,12472,2024,,1771689672,10000-8540-24944-001.csv
NZ2420_Z1_re2,zirc,0.095703687,0.00034189,12473,2024,,1771691238,10000-8541-24946-001.csv
NZ2530_Z2,zirc,0.417861654,0.000662363,12474,2024,,1771692725,10000-8542-24948-001.csv
NZ2530_Z2_re1,zirc,0.010785601,9.57E-05,12475,2024,,1771694134,10000-8543-24950-001.csv
NZ2530_Z3,zirc,0.204943618,0.000405234,12476,2024,,1771695623,10000-8544-24952-001.csv
NZ2530_Z3_re1,zirc,0.005900948,8.26E-05,12477,2024,,1771697005,10000-8545-24954-001.csv
NZ2530_Z4,zirc,0.003016195,6.20E-05,12478,2024,,1771698456,10000-8546-24956-001.csv
NZ2530_Z4_re1,zirc,0.003092741,4.45E-05,12479,2024,,1771699851,10000-8547-24958-001.csv
DR_MH_1,ap,0.786997968,0.000873234,12480,2024,,1771700609,10000-8548-24960-001.csv
std2025,std,1.254254227,0.001631638,12481,2025,,1771701132,10000-8549-24962-001.csv
DR_MH_2,ap,0.327777871,0.000826915,12482,2025,,1771701783,10000-8550-24964-001.csv
NZ2403_A1,ap,0.003014993,4.99E-05,12483,2025,,1771702520,10000-8551-24966-001.csv
NZ2403_A2,ap,0.020870996,0.000151184,12484,2025,,1771703264,10000-8552-24968-001.csv
NZ2403_A3,ap,0.030348395,0.000165693,12485,2025,,1771704001,10000-8553-24970-001.csv
NZ2403_A4,ap,0.096673589,0.000317908,12486,2025,,1771704725,10000-8554-24972-001.csv
NZ2403_A5,ap,0.04345991,0.000257389,12487,2025,,1771705543,10000-8555-24974-001.csv
NZ2403_A6,ap,0.032600894,0.000173403,12488,2025,,1771706236,10000-8556-24976-001.csv
NZ2407_A1,ap,0.174932795,0.000543931,12489,2025,,1771706983,10000-8557-24978-001.csv
std2026,std,1.249581133,0.001880401,12490,2026,,1771707516,10000-8558-24980-001.csv
NZ2407_A2,ap,0.014632159,0.000116536,12491,2026,,1771708201,10000-8559-24982-001.csv
NZ2407_A3,ap,0.023491286,0.00012424,12492,2026,,1771708920,10000-8560-24984-001.csv
NZ2407_A4,ap,0.02536142,0.000177055,12493,2026,,1771709699,10000-8561-24986-001.csv
std2027,std,1.250959148,0.00171097,12494,2027,,1771710211,10000-8562-24988-001.csv
lb02_02232026,lb,0.003471987,5.54E-05,12496,2027,,1771857652,10000-8564-24992-001.csv
hb01_02232026,hb,0.003438337,5.44E-05,12497,2027,,1771858408,10000-8565-24994-001.csv
std2028,std,1.245272108,0.001340932,12498,2028,,1771858981,10000-8566-24996-001.csv
DR_MH_3,ap,0.338394379,0.000420992,12499,2028,,1771859669,10000-8567-24998-001.csv
NZ2407_A5,ap,0.006078085,7.96E-05,12500,2028,,1771860381,10000-8568-25000-001.csv
NZ2407_A6,ap,0.003487651,6.57E-05,12501,2028,,1771861121,10000-8569-25002-001.csv
NZ2408_A1,ap,0.004042933,7.54E-05,12502,2028,,1771861883,10000-8570-25004-001.csv
NZ2408_A2,ap,0.003482197,6.28E-05,12503,2028,"Laser shut off after a couple of seconds - may not have turned on, had to clear and re-run.",1771862497,10000-8571-25006-001.csv
NZ2408_A2_re1,ap,0.015031392,0.000132883,12504,2028,"Laser shut off after a couple of seconds - may not have turned on, had to clear and re-run.",1771863282,10000-8572-25008-001.csv
NZ2408_A3,ap,0.010988929,0.000100962,12505,2028,,1771864097,10000-8573-25010-001.csv
NZ2408_A4,ap,0.014815393,0.000104983,12506,2028,,1771864816,10000-8574-25012-001.csv
NZ2408_A5,ap,0.008467583,8.29E-05,12507,2028,,1771865512,10000-8575-25014-001.csv
NZ2408_A6,ap,0.015667298,0.00010934,12508,2028,,1771866329,10000-8576-25016-001.csv
NZ2420_A1,ap,0.05914995,0.000234896,12509,2028,,1771867072,10000-8577-25018-001.csv
DR_MH_4,ap,0.629414047,0.000795893,12510,2028,,1771867744,10000-8578-25020-001.csv
std2029,std,1.251682513,0.001581571,12511,2029,,1771868269,10000-8579-25022-001.csv
NZ2420_A2,ap,0.011153492,8.04E-05,12512,2029,,1771869025,10000-8580-25024-001.csv
NZ2420_A3,ap,0.020172359,0.00013874,12513,2029,,1771869680,10000-8581-25026-001.csv
NZ2420_A4,ap,0.012001855,0.000110938,12514,2029,,1771870785,10000-8582-25028-001.csv
NZ2420_A5,ap,0.003171884,6.07E-05,12515,2029,,1771871507,10000-8583-25030-001.csv
NZ2420_A6,ap,0.022099702,0.000115764,12516,2029,,1771872177,10000-8584-25032-001.csv
NZ2421_A1,ap,0.004051484,4.93E-05,12517,2029,,1771872857,10000-8585-25034-001.csv
NZ2421_A2,ap,0.003567276,6.54E-05,12518,2029,,1771873574,10000-8586-25036-001.csv
NZ2421_A3,ap,0.004095761,6.63E-05,12519,2029,"laser malfunction; fired at 1000C, if anomalously high --> volitization",1771874790,10000-8587-25038-001.csv
std2030,std,1.250458366,0.001596314,12520,2030,"laser malfunction; fired at 1000C, if anomalously high --> volitization",1771875373,10000-8588-25040-001.csv
NZ2421_A4,ap,0.003778658,5.44E-05,12521,2030,"laser malfunction; fired at 1000C, if anomalously high --> volitization",1771876111,10000-8589-25042-001.csv
NZ2421_A5,ap,0.003554475,4.68E-05,12522,2030,,1771876886,10000-8590-25044-001.csv
NZ2521_A1,ap,0.004789974,4.24E-05,12523,2030,,1771877660,10000-8591-25046-001.csv
NZ2521_A2,ap,0.006502459,7.52E-05,12524,2030,,1771878524,10000-8592-25048-001.csv
NZ2521_A3,ap,0.003891501,6.19E-05,12525,2030,,1771879320,10000-8593-25050-001.csv
NZ2521_A4,ap,0.004278983,6.46E-05,12526,2030,,1771880095,10000-8594-25052-001.csv
NZ2522_A1,ap,0.024358486,0.000173204,12527,2030,,1771880812,10000-8595-25054-001.csv
NZ2522_A2,ap,0.030955428,0.000124929,12528,2030,,1771881523,10000-8596-25056-001.csv
std2031,std,1.250228224,0.001645954,12529,2031,,1771882038,10000-8597-25058-001.csv
NZ2522_A3,ap,0.010360751,0.000102742,12530,2031,,1771882711,10000-8598-25060-001.csv
NZ2522_A4,ap,0.015128658,0.000174864,12531,2031,,1771883383,10000-8599-25062-001.csv
NZ2522_A5,ap,0.009080252,1.00E-04,12532,2031,,1771884065,10000-8600-25064-001.csv
NZ2530_A1,ap,0.012725597,0.000137341,12533,2031,,1771884835,10000-8601-25066-001.csv
NZ2530_A2,ap,0.004926431,6.32E-05,12534,2031,,1771885491,10000-8602-25068-001.csv
NZ2530_A3,ap,0.019469993,0.000116574,12535,2031,,1771886169,10000-8603-25070-001.csv
NZ2530_A4,ap,0.00345652,5.63E-05,12536,2031,,1771886831,10000-8604-25072-001.csv
DR_MH_5,ap,0.357482297,0.000780039,12537,2031,,1771887524,10000-8605-25074-001.csv
std2032,std,1.247148051,0.001557064,12538,2032,,1771888018,10000-8606-25076-001.csv
NZ2530_A5,ap,0.004766643,8.93E-05,12539,2032,,1771888693,10000-8607-25078-001.csv
NZ2530_A6,ap,0.003549025,4.95E-05,12540,2032,,1771889447,10000-8608-25080-001.csv
NZ2520_A1,ap,0.002992025,4.44E-05,12541,2032,,1771890156,10000-8609-25082-001.csv
NZ2520_A2,ap,0.003182762,4.65E-05,12542,2032,,1771890860,10000-8610-25084-001.csv
NZ2520_A3,ap,0.005542211,7.56E-05,12543,2032,,1771891556,10000-8611-25086-001.csv
NZ2520_A4,ap,0.014002472,9.22E-05,12544,2032,,1771892238,10000-8612-25088-001.csv
NZ2520_A5,ap,0.00301929,3.63E-05,12545,2032,remained at ~700-750 for about a minute and then spiked to 1000 due to poor positioning before settling at 800,1771892974,10000-8613-25090-001.csv
NZ2515_A1,ap,0.02039964,0.000148164,12546,2032,,1771893696,10000-8614-25092-001.csv
std2033,std,1.252669972,0.001526081,12547,2033,,1771894255,10000-8615-25094-001.csv
NZ2515_A2,ap,0.003087565,5.44E-05,12548,2033,,1771894996,10000-8616-25096-001.csv
NZ2515_A3,ap,0.003303721,4.85E-05,12549,2033,,1771895702,10000-8617-25098-001.csv
std2034,std,1.273477546,0.00141726,12550,2034,,1771900088,10000-8618-25100-001.csv
lb02_02242026,lb,0.003082122,5.11E-05,12552,2034,,1771970611,10000-8620-25104-001.csv
hb01_02242026,hb,0.003000744,4.06E-05,12553,2034,,1771971408,10000-8621-25106-001.csv
std2035,std,1.248090259,0.00165187,12554,2035,,1771971934,10000-8622-25108-001.csv
DR_MH_6,ap,0.341139656,0.000516106,12555,2035,,1771972621,10000-8623-25110-001.csv
lb03_02242026,lb,0.003097796,4.83E-05,12556,2035,,1771973673,10000-8624-25112-001.csv
NZ2419_A2,ap,0.030403557,0.000124126,12557,2035,,1771974375,10000-8625-25114-001.csv
NZ2419_A3,ap,0.063514114,0.00025229,12558,2035,,1771975053,10000-8626-25116-001.csv
NZ2419_A4,ap,0.128507251,0.000341597,12559,2035,,1771975713,10000-8627-25118-001.csv
NZ2419_A5,ap,0.020299449,0.000155851,12560,2035,,1771976423,10000-8628-25120-001.csv
NZ2419_A6,ap,0.026146757,0.000118102,12561,2035,,1771977088,10000-8629-25122-001.csv
NZ2514_A1,ap,0.016183722,0.000128012,12562,2035,,1771977764,10000-8630-25124-001.csv
std2036,std,1.25106587,0.001806447,12563,2036,,1771978322,10000-8631-25126-001.csv
NZ2514_A2,ap,0.045986258,0.0003769,12564,2036,,1771979045,10000-8632-25128-001.csv
NZ2514_A3,ap,0.014767926,0.000131895,12565,2036,,1771979891,10000-8633-25130-001.csv
NZ2514_A4,ap,0.015934689,0.000110689,12566,2036,,1771980603,10000-8634-25132-001.csv
NZ2514_A5,ap,0.003575825,7.09E-05,12567,2036,,1771981255,10000-8635-25134-001.csv
NZ2405_A1,ap,0.292763419,0.00078384,12568,2036,,1771981965,10000-8636-25136-001.csv
NZ2405_A2,ap,0.248360913,0.000570663,12569,2036,,1771982638,10000-8637-25138-001.csv
DR_MH_7,ap,0.587061109,0.000998977,12570,2036,,1771983301,10000-8638-25140-001.csv
NZ2405_A3,ap,0.175532752,0.000513949,12571,2036,,1771984026,10000-8639-25142-001.csv
std2037,std,1.249248212,0.00219799,12572,2037,,1771984532,10000-8640-25144-001.csv
NZ2405_A4,ap,0.288156809,0.00051516,12573,2037,,1771985194,10000-8641-25146-001.csv
NZ2405_A5,ap,0.123334031,0.000383634,12574,2037,,1771985868,10000-8642-25148-001.csv
NZ2405_A6,ap,0.128860795,0.000304751,12575,2037,,1771986520,10000-8643-25150-001.csv
NZ2517_A1,ap,0.130170297,0.000496397,12576,2037,,1771987198,10000-8644-25152-001.csv
NZ2517_A2,ap,0.043073408,0.000206927,12577,2037,,1771987903,10000-8645-25154-001.csv
NZ2517_A3,ap,0.014962997,0.000131746,12578,2037,,1771988563,10000-8646-25156-001.csv
NZ2517_A4,ap,0.088017233,0.000305721,12579,2037,,1771989233,10000-8647-25158-001.csv
NZ2517_A5,ap,0.006841729,8.62E-05,12580,2037,,1771989896,10000-8648-25160-001.csv
std2038,std,1.249336593,0.0015956,12581,2038,,1771990399,10000-8649-25162-001.csv
NZ2517_A6,ap,0.020157612,0.000156422,12582,2038,,1771991059,10000-8650-25164-001.csv
NZ2518_A1,ap,0.069477508,0.000255342,12583,2038,,1771991735,10000-8651-25166-001.csv
NZ2518_A2,ap,0.28867288,0.000621475,12584,2038,,1771992387,10000-8652-25168-001.csv
NZ2518_A3,ap,0.125923767,0.000369345,12585,2038,,1771993555,10000-8653-25170-001.csv
NZ2518_A4,ap,0.254345808,0.000361022,12586,2038,,1771994205,10000-8654-25172-001.csv
NZ2518_A5,ap,0.148237575,0.000562396,12587,2038,,1771995009,10000-8655-25174-001.csv
std2039,std,1.252075778,0.001444931,12588,2039,,1771995530,10000-8656-25176-001.csv
lb02_02252026,lb,0.00299748,5.23E-05,12590,2039,,1772031849,10000-8658-25180-001.csv
hb01_02252026,hb,0.002926389,5.98E-05,12591,2039,,1772032507,10000-8659-25182-001.csv
std2040,std,1.24551478,0.001559644,12592,2040,,1772033054,10000-8660-25184-001.csv
NZ2516_A2,ap,0.034583897,0.000137646,12594,2040,,1772039966,10000-8662-25188-001.csv
NZ2516_A3,ap,0.016975483,0.000118007,12595,2040,,1772040617,10000-8663-25190-001.csv
NZ2516_A4,ap,0.032178732,0.00016036,12596,2040,,1772041439,10000-8664-25192-001.csv
NZ2516_A5,ap,0.024686174,0.000184739,12597,2040,,1772042096,10000-8665-25194-001.csv
NZ2516_A6,ap,0.002904929,4.43E-05,12598,2040,,1772042768,10000-8666-25196-001.csv
NZ2406_A1,ap,0.071572931,0.000278669,12599,2040,,1772043466,10000-8667-25198-001.csv
NZ2406_A2,ap,0.00611736,7.55E-05,12600,2040,,1772044159,10000-8668-25200-001.csv
std2041,std,1.252915102,0.001899211,12601,2041,,1772044679,10000-8669-25202-001.csv
NZ2406_A3,ap,0.009860995,8.65E-05,12602,2041,,1772045499,10000-8670-25204-001.csv
DR_MH_8,ap,0.330442394,0.000482111,12603,2041,,1772046158,10000-8671-25206-001.csv
NZ2406_A4,ap,0.007559232,6.03E-05,12604,2041,,1772046834,10000-8672-25208-001.csv
NZ2406_A5,ap,0.00426288,6.19E-05,12605,2041,,1772047490,10000-8673-25210-001.csv
NZ2415_A3,ap,0.045500838,0.000375496,12606,2041,,1772048152,10000-8674-25212-001.csv
NZ2409_A1,ap,0.0386135,0.000132735,12607,2041,,1772048814,10000-8675-25214-001.csv
NZ2409_A2,ap,0.062013862,0.000253102,12608,2041,,1772049465,10000-8676-25216-001.csv
NZ2409_A3,ap,0.069349508,0.000318358,12609,2041,odd coupling with a few temperature spikes to 900,1772050206,10000-8677-25218-001.csv
std2042,std,1.246871354,0.001806129,12610,2042,,1772050752,10000-8678-25220-001.csv
NZ2409_A4,ap,0.025462737,0.000109065,12611,2042,,1772051425,10000-8679-25222-001.csv
NZ2409_A5,ap,0.024090322,0.000113592,12612,2042,,1772052107,10000-8680-25224-001.csv
NZ2415_A1,ap,0.197851286,0.000496868,12613,2042,,1772052801,10000-8681-25226-001.csv
NZ2415_A2,ap,0.08362038,0.000321304,12614,2042,,1772053473,10000-8682-25228-001.csv
std2043,std,1.253885708,0.001464718,12615,2043,,1772054056,10000-8683-25230-001.csv
lb02_02262026,lb,0.002955341,4.96E-05,12617,2043,,1772142734,10000-8685-25234-001.csv
hb01_02262026,hb,0.002906766,4.22E-05,12618,2043,,1772143430,10000-8686-25236-001.csv
std2044,std,1.24567233,0.002018937,12619,2044,,1772143968,10000-8687-25238-001.csv
DR_MH_9,ap,0.497783246,0.001084731,12620,2044,,1772144952,10000-8688-25240-001.csv
NZ2515_A4,ap,0.002973052,4.36E-05,12621,2044,,1772145720,10000-8689-25242-001.csv
NZ2515_A5,ap,0.003741434,5.83E-05,12622,2044,,1772146401,10000-8690-25244-001.csv
NZ2515_A6,ap,0.025497337,0.000138352,12623,2044,,1772147167,10000-8691-25246-001.csv
NZ2419_A1,ap,0.033191815,0.00020168,12624,2044,,1772147951,10000-8692-25248-001.csv
NZ941466_A4,ap,0.004159091,5.06E-05,12625,2044,,1772148652,10000-8693-25250-001.csv
NZ2415_A4,ap,0.131782094,0.000288662,12626,2044,,1772149339,10000-8694-25252-001.csv
NZ2415_A5,ap,0.010980716,9.44E-05,12627,2044,,1772150045,10000-8695-25254-001.csv
NZ2414_A1,ap,0.067129724,0.000235036,12628,2044,,1772150723,10000-8696-25256-001.csv
std2045,std,1.252267076,0.001282925,12629,2045,,1772151280,10000-8697-25258-001.csv
NZ2414_A2,ap,0.090878004,0.000318666,12630,2045,,1772151959,10000-8698-25260-001.csv
NZ2414_A3,ap,0.123604545,0.000361122,12631,2045,,1772152655,10000-8699-25262-001.csv
NZ2414_A4,ap,0.158396885,0.000459108,12632,2045,"coupled very well and/or laser malfunction. 1000C for 3 min. if older age, likely from volatization ",1772153314,10000-8700-25264-001.csv
NZ2414_A5,ap,0.048230262,0.000462268,12633,2045,,1772153970,10000-8701-25266-001.csv
NZ2414_A6,ap,0.003540633,4.80E-05,12634,2045,,1772154632,10000-8702-25268-001.csv
NZ2418_A1,ap,0.052241045,0.000323282,12635,2045,,1772155299,10000-8703-25270-001.csv
NZ2418_A2,ap,0.107166625,0.000276276,12636,2045,,1772155955,10000-8704-25272-001.csv
NZ2418_A3,ap,0.060933939,0.000282329,12637,2045,,1772156612,10000-8705-25274-001.csv
std2046,std,1.251246898,0.001190751,12638,2046,,1772157109,10000-8706-25276-001.csv
NZ2418_A4,ap,0.062410919,0.000341096,12639,2046,,1772157776,10000-8707-25278-001.csv
NZ941455_A1,ap,0.003740123,5.59E-05,12640,2046,,1772158447,10000-8708-25280-001.csv
NZ941455_A2,ap,0.00455308,6.70E-05,12641,2046,,1772159114,10000-8709-25282-001.csv
NZ941455_A3,ap,0.004665314,7.50E-05,12642,2046,,1772159770,10000-8710-25284-001.csv
NZ941457_A1,ap,0.002981958,5.18E-05,12643,2046,,1772160422,10000-8711-25286-001.csv
NZ941457_A2,ap,0.204157127,0.000534681,12644,2046,,1772161104,10000-8712-25288-001.csv
NZ941457_A3,ap,0.00457299,7.58E-05,12645,2046,,1772161760,10000-8713-25290-001.csv
NZ941460_A1,ap,0.004254995,6.79E-05,12646,2046,,1772162408,10000-8714-25292-001.csv
std2047,std,1.25037437,0.001582959,12647,2047,,1772162960,10000-8715-25294-001.csv
DR_MH_10,ap,0.348474196,0.00052826,12648,2047,,1772163609,10000-8716-25296-001.csv
NZ941460_A2,ap,0.013301939,9.42E-05,12649,2047,,1772164273,10000-8717-25298-001.csv
NZ941460_A3,ap,0.005997225,6.23E-05,12650,2047,,1772164953,10000-8718-25300-001.csv
NZ941460_A4,ap,0.004071138,6.15E-05,12651,2047,,1772165630,10000-8719-25302-001.csv
NZ941460_A5,ap,0.004372737,5.44E-05,12652,2047,brief temperature spike to 1000 after odd coupling,1772166292,10000-8720-25304-001.csv
NZ941460_A6,ap,0.00321217,6.57E-05,12653,2047,,1772166959,10000-8721-25306-001.csv
NZ941461_A1,ap,0.066846047,0.000274186,12654,2047,,1772167634,10000-8722-25308-001.csv
NZ941461_A2,ap,0.084125811,0.000325535,12655,2047,,1772168295,10000-8723-25310-001.csv
std2048,std,1.25300732,0.001593759,12656,2048,,1772168831,10000-8724-25312-001.csv
NZ941461_A3,ap,0.003198905,6.55E-05,12657,2048,,1772169527,10000-8725-25314-001.csv
NZ941461_A4,ap,0.017714194,0.000123191,12658,2048,,1772170194,10000-8726-25316-001.csv
lb02_02272026,lb,0.003030966,3.48E-05,12660,2048,,1772205216,10000-8728-25320-001.csv
hb01_02272026,hb,0.002921593,5.08E-05,12661,2048,,1772205879,10000-8729-25322-001.csv
std2049,std,1.246608444,0.001643751,12662,2049,,1772206395,10000-8730-25324-001.csv
NZ941461_A5,ap,0.036941373,0.000178265,12663,2049,,1772207053,10000-8731-25326-001.csv
NZ941462_A1,ap,0.00662605,7.49E-05,12664,2049,,1772207734,10000-8732-25328-001.csv
NZ941462_A2,ap,0.322233424,0.000418295,12665,2049,,1772208421,10000-8733-25330-001.csv
NZ941462_A3,ap,0.003094245,5.59E-05,12666,2049,,1772209191,10000-8734-25332-001.csv
NZ941462_A4,ap,0.00296688,5.58E-05,12667,2049,,1772209880,10000-8735-25334-001.csv
NZ941463_A1,ap,0.002947433,6.86E-05,12668,2049,,1772210524,10000-8736-25336-001.csv
DR_MH_11,ap,0.251680549,0.000390946,12669,2049,,1772211180,10000-8737-25338-001.csv
Nz941463_A2,ap,0.002944406,4.28E-05,12670,2049,,1772211858,10000-8738-25340-001.csv
std2050,std,1.24985917,0.001654726,12671,2050,,1772212379,10000-8739-25342-001.csv
NZ941463_A3,ap,0.027657645,0.000196802,12672,2050,,1772213042,10000-8740-25344-001.csv
NZ941463_A4,ap,0.004454157,8.17E-05,12673,2050,,1772213710,10000-8741-25346-001.csv
NZ941463_A5,ap,0.003026187,5.73E-05,12674,2050,"laser unable to be centered on grain due to positioning, maximum temperature ~650C",1772214380,10000-8742-25348-001.csv
NZ941466_A1,ap,0.003371315,4.89E-05,12675,2050,,1772215038,10000-8743-25350-001.csv
NZ941466_A2,ap,0.003418858,6.24E-05,12676,2050,,1772215698,10000-8744-25352-001.csv
NZ941466_A3,ap,0.004576127,6.31E-05,12677,2050,,1772216348,10000-8745-25354-001.csv
std2051,std,1.254093944,0.001465388,12678,2051,,1772216979,10000-8746-25356-001.csv