sample_name,vol_ncc,vol_ncc_1s,mol_4He,mol_4He_1s,notes,aliquot_type
FCT_MH_1,17.274681939611405,0.12515625109415462,7.707094646029894e-13,5.5838427364216385e-15,nan,zirc
NZ2403_Z1,23.95910195481241,0.17221276183683085,1.0689346816637998e-12,7.683267682556921e-15,nan,zirc
NZ2403_Z2,20.32246784670664,0.1477290701866832,9.066863499021432e-13,6.5909284459125175e-15,"grain packet misaligned, pyrometer shut off mid-run after re-positioning",zirc
NZ2403_Z3,22.331791447441923,0.16249408034121163,9.96332267664938e-13,7.249668972125083e-15,nan,zirc
NZ2403_Z4,6.37039276662683,0.04666759193241098,2.8421489991196707e-13,2.0820733439997758e-15,nan,zirc
NZ2407_Z1,55.43276712789836,0.41088572641122445,2.4731313968010333e-12,1.833165550152692e-14,nan,zirc
NZ2407_Z2,75.9653356133802,0.5627826743273094,3.3891913809842155e-12,2.510853369890735e-14,nan,zirc
NZ2407_Z4,77.2061919025441,0.5727828207495419,3.4445521505551932e-12,2.5554689959379934e-14,nan,zirc
NZ2408_Z1,9.063693173650483,0.06853936801138501,4.0437642427279747e-13,3.0578820385198985e-15,nan,zirc
NZ2408_Z2,32.79817963143774,0.24287093627173106,1.4632898916497606e-12,1.083568021199835e-14,nan,zirc
FCT_MH_2,13.926744510051032,0.10371643831605486,6.213413272977171e-13,4.627306072814083e-15,nan,zirc
NZ2408_Z3,10.154779127795033,0.07545555560319483,4.5305519442290673e-13,3.3664475597035257e-15,nan,zirc
NZ2408_Z4,5.65475253431365,0.042094407786214164,2.522866304235589e-13,1.878040857777022e-15,nan,zirc
NZ2420_Z1,16.840151699371443,0.12297105366611046,7.51322909760482e-13,5.486350212639888e-15,nan,zirc
NZ2420_Z2,16.51041689758796,0.12151514641995051,7.366118005526884e-13,5.421394950475172e-15,nan,zirc
NZ2420_Z3,13.421580149970863,0.09762282436339845,5.988034331208558e-13,4.355439652154833e-15,nan,zirc
FCT_MH_3,9.3675051438968,0.06886959515137567,4.179309870570536e-13,3.072615113383406e-15,nan,zirc
NZ2420_Z4,19.252275685065584,0.14155467975099356,8.5893975573595e-13,6.315458184661084e-15,nan,zirc
NZ2420_Z5,62.96172502010588,0.4600342869665613,2.8090356482602782e-12,2.052441719311864e-14,nan,zirc
NZ2421_Z1,47.015917055596105,0.3426096450465766,2.0976138598909655e-12,1.528551998958582e-14,nan,zirc
NZ2421_Z2,16.26308325137827,0.1336280138607309,7.255770166582613e-13,5.961810201692285e-15,nan,zirc
NZ2421_Z3,45.655153589721486,0.3724461357397345,2.036903434894329e-12,1.6616674209856986e-14,nan,zirc
NZ2421_Z4,47.233605452946406,0.3875954132818611,2.1073260218143306e-12,1.7292558815109354e-14,nan,zirc
NZ2521_Z1,9.388106038349491,0.07695626347374898,4.188500954024043e-13,3.433401600506334e-15,nan,zirc
FCT_MH_4,16.2216720516294,0.13301774214704143,7.237294571084768e-13,5.934582945794656e-15,nan,zirc
NZ2521_Z2,9.078150004846975,0.07479652851121325,4.050214154031844e-13,3.337045083930278e-15,nan,zirc
NZ2521_Z3,33.302020172516926,0.2714494240971885,1.4857687236779211e-12,1.2110708668563776e-14,nan,zirc
NZ2521_Z4,61.56807396611939,0.5052093827527002,2.7468579444150703e-12,2.253990286217097e-14,nan,zirc
NZ2522_Z1,77.66873947626226,0.6336450551013418,3.4651886979683347e-12,2.8270056888611658e-14,nan,zirc
NZ2522_Z2,21.20886166026717,0.173323276786413,9.462327857708204e-13,7.732813276809716e-15,nan,zirc
NZ2522_Z3,41.739850114924046,0.3414057886016948,1.862222276921747e-12,1.523180996706053e-14,nan,zirc
NZ2522_Z4,11.516809258728617,0.0944397859412861,5.13822131646677e-13,4.213428479579107e-15,nan,zirc
NZ2530_Z1,2.1736700448844894,0.0189714589790754,9.697822989580125e-14,8.46411126040662e-16,nan,zirc
NZ2530_Z2,2.2355681289746747,0.01681592884432288,9.973981123292026e-14,7.502422077417186e-16,nan,zirc
NZ2530_Z3,1.0835940792837642,0.008381747501746448,4.834452035708772e-14,3.739514366800414e-16,nan,zirc
NZ2530_Z4,0.0007326422189543559,0.0005758941574234022,3.268681265969286e-17,2.5693502160408772e-17,nan,zirc
DR_MH_1,4.146699741372559,0.030431944407599085,1.8500489610835008e-13,1.3577203715356063e-15,nan,ap
DR_MH_2,1.7178516988190404,0.013206241060224755,7.664190679124834e-14,5.891960854923152e-16,nan,ap
NZ2403_A1,0.00015753500210478958,0.00026392715424183654,7.028419831569089e-18,1.1775102803686825e-17,nan,ap
NZ2403_A2,0.09459921605592798,0.0010536961504689665,4.220541449804942e-15,4.7010625076691637e-17,nan,ap
NZ2403_A3,0.14472585938018276,0.0013675246652726364,6.456940277513284e-15,6.101207572377247e-17,nan,ap
NZ2403_A4,0.49552456934797046,0.003968285084047431,2.210781517569244e-14,1.7704493102736818e-16,nan,ap
NZ2403_A5,0.21407360298004763,0.0020650956471722315,9.550887970913162e-15,9.213418609673558e-17,nan,ap
NZ2403_A6,0.15663948821033336,0.0014601977965574223,6.988466503539455e-15,6.514668495393157e-17,nan,ap
NZ2407_A1,0.909443125061556,0.007196950992372914,4.057478027400535e-14,3.2109177265873615e-16,nan,ap
NZ2407_A2,0.061601559519871674,0.0007613019521790747,2.7483519014844144e-15,3.396546587753523e-17,nan,ap
NZ2407_A3,0.10845811787446613,0.0010250622625281574,4.83885597726716e-15,4.573312494548752e-17,nan,ap
NZ2407_A4,0.1183493907845295,0.0012704126564718708,5.280154848957325e-15,5.66794260940426e-17,nan,ap
DR_MH_3,1.770060507690449,0.017768959463975862,7.897120137817653e-14,7.927616429006809e-16,nan,ap
NZ2407_A5,0.013949632486566246,0.0004429928870479681,6.22362473747044e-16,1.976411559953458e-17,nan,ap
NZ2407_A6,0.0002605976693390911,0.00034719846859771646,1.1626557925363215e-17,1.549025022743448e-17,nan,ap
NZ2408_A1,0.0031949610352382148,0.0003997165917785254,1.4254309963586216e-16,1.7833344863858542e-17,nan,ap
NZ2408_A2,0.06149476674569316,0.0013033981835610874,2.74358734477082e-15,5.815107448742248e-17,"Laser shut off after a couple of seconds - may not have turned on, had to clear and re-run.",ap
NZ2408_A3,0.03990077214037369,0.0006652650942644673,1.7801718631379356e-15,2.968078407533092e-17,nan,ap
NZ2408_A4,0.060121553261555036,0.0008162879073124837,2.6823214625481855e-15,3.6418662769362167e-17,nan,ap
NZ2408_A5,0.02657682982789772,0.0005118387551588205,1.1857245394796875e-15,2.2835672131650772e-17,nan,ap
NZ2408_A6,0.06462340785656495,0.000864932781104804,2.88317158278598e-15,3.858895248972981e-17,nan,ap
NZ2420_A1,0.2944055745411328,0.0031840911363010165,1.3134896695865654e-14,1.420581393906048e-16,nan,ap
DR_MH_4,3.3079411746944674,0.03321323008288299,1.4758370548293332e-13,1.481807356245337e-15,nan,ap
NZ2420_A2,0.040770398093641504,0.0005877055077089183,1.8189702013759927e-15,2.6220465231949598e-17,nan,ap
NZ2420_A3,0.0884302050506769,0.0011459580876309675,3.945311191696123e-15,5.1126888892253386e-17,nan,ap
NZ2420_A4,0.04525353514505733,0.0007394751351805925,2.018985238915737e-15,3.299166303116768e-17,nan,ap
NZ2420_A5,-0.0014080591878251403,0.00032107289574790726,-6.28205223443e-17,1.4324658505751192e-17,nan,ap
NZ2420_A6,0.09861516457164482,0.0011571066990373453,4.399712883539075e-15,5.162428388673799e-17,nan,ap
NZ2421_A1,0.003240148419561501,0.0002625147372480749,1.4455913355766487e-16,1.1712087857949267e-17,nan,ap
NZ2421_A2,0.0006813724882774271,0.0003456700506672134,3.0399415020854246e-17,1.5422059903061184e-17,nan,ap
NZ2421_A3,0.003474128283399901,0.0003520638696369697,1.549981388150219e-16,1.5707319962388227e-17,"laser malfunction; fired at 1000C, if anomalously high --> volitization",ap
NZ2421_A4,0.0017984113928529188,0.000288031873606767,8.023607534812701e-17,1.2850534202140045e-17,"laser malfunction; fired at 1000C, if anomalously high --> volitization",ap
NZ2421_A5,0.0006137261654236808,0.0002473880720079429,2.7381376167738056e-17,1.103721209993499e-17,nan,ap
NZ2521_A1,0.007142666423175596,0.00023508287890899063,3.1866986808135966e-16,1.0488216244712707e-17,nan,ap
NZ2521_A2,0.01619221827007818,0.00042886733770214954,7.224153774461577e-16,1.9133904599899596e-17,nan,ap
NZ2521_A3,0.0023947252753453367,0.0003279761953087372,1.0684060298676437e-16,1.46326490277834e-17,nan,ap
NZ2521_A4,0.004442356903500624,0.00034423107337031787,1.9819563235034457e-16,1.535785997012215e-17,nan,ap
NZ2522_A1,0.1105516095150773,0.0014318068075220263,4.9322570498383726e-15,6.388002175078193e-17,nan,ap
NZ2522_A2,0.14541286007202187,0.001591631300278517,6.48759079468287e-15,7.101058714546788e-17,nan,ap
NZ2522_A3,0.03658119306080011,0.0006538493987431638,1.6320689328455478e-15,2.917147313032764e-17,nan,ap
NZ2522_A4,0.06177698840949499,0.0011101590570106212,2.7561786566206382e-15,4.952971611540203e-17,nan,ap
NZ2522_A5,0.02981445227743156,0.0006061588832394582,1.330170976953313e-15,2.7043762079033556e-17,nan,ap
NZ2530_A1,0.04907811798974266,0.0008750261870814169,2.1896188984448405e-15,3.9039269522683e-17,nan,ap
NZ2530_A2,0.00786376745259938,0.0003430380530105012,3.508417708842411e-16,1.5304633399237135e-17,nan,ap
NZ2530_A3,0.08471858274011558,0.0010447167898017496,3.779717263322726e-15,4.6610011144898255e-17,nan,ap
NZ2530_A4,9.608726571749666e-05,0.0002975164189661656,4.286930744958359e-18,1.3273686935226447e-17,nan,ap
DR_MH_5,1.8709297728755014,0.019084249165057167,8.347148089923714e-14,8.514432571186386e-16,nan,ap
NZ2530_A5,0.007019374777327556,0.0004770522922894738,3.1316921465724794e-16,2.1283675037453102e-17,nan,ap
NZ2530_A6,0.000584925879543442,0.0002616454413763915,2.609645219699482e-17,1.1673304246292116e-17,nan,ap
NZ2520_A1,-0.00235851618197811,0.0002358027663226611,-1.0522513527162086e-16,1.0520334002081782e-17,nan,ap
NZ2520_A2,-0.0013505748740994096,0.00024609509738388025,-6.02558612518698e-17,1.0979526072270913e-17,nan,ap
NZ2520_A3,0.011117829845137516,0.0004145662267845314,4.960216759675879e-16,1.8495860925516702e-17,nan,ap
NZ2520_A4,0.05582570790411489,0.0007392763382119291,2.4906624388379977e-15,3.2982793709821056e-17,nan,ap
NZ2520_A5,-0.0022144354857350492,0.0001930894660846704,-9.879697892991207e-17,8.61468127441199e-18,remained at ~700-750 for about a minute and then spiked to 1000 due to poor positioning before settling at 800,ap
NZ2515_A1,0.08963126152318081,0.0011874081945937873,3.998896293529972e-15,5.2976184286329406e-17,nan,ap
NZ2515_A2,-0.0018536392438133543,0.00028806660196284883,-8.270006441569351e-17,1.28520836068015e-17,nan,ap
NZ2515_A3,-0.0007113723456979998,0.00025639403159045905,-3.1737857843222973e-17,1.1439012741610557e-17,nan,ap
DR_MH_6,1.7903876086896817,0.013204699501616209,7.987809443605253e-14,5.891273088969487e-16,nan,ap
NZ2419_A2,0.14509320015331606,0.001236138458424522,6.473329176109398e-15,5.5150283680937e-17,nan,ap
NZ2419_A3,0.3204079269293146,0.002670129911660343,1.4294990940006897e-14,1.1912777334078445e-16,nan,ap
NZ2419_A4,0.6645354526447546,0.0051248467685864494,2.964823113432473e-14,2.2864489910709594e-16,nan,ap
NZ2419_A5,0.09159367934080963,0.0010572434183607057,4.08644951105602e-15,4.716888633714221e-17,nan,ap
NZ2419_A6,0.12255417343322583,0.0010830706065721159,5.467751112395192e-15,4.832116563630391e-17,nan,ap
NZ2514_A1,0.06980160998692954,0.0008444487409063751,3.114196929906734e-15,3.767505759375279e-17,nan,ap
NZ2514_A2,0.22760093230191988,0.002584497664204086,1.0154409400460421e-14,1.153072929510166e-16,nan,ap
NZ2514_A3,0.06230521272274121,0.0008305571656834809,2.7797453699804235e-15,3.705528534324444e-17,nan,ap
NZ2514_A4,0.06848302291655173,0.0007665989075803248,3.055368203647351e-15,3.420178939860465e-17,nan,ap
NZ2514_A5,0.003044955371456541,0.00037604576782192717,1.3585060102866695e-16,1.6777271697239544e-17,nan,ap
NZ2405_A1,1.5342437216476745,0.011822986233758201,6.845024188666344e-14,5.274822090549746e-16,nan,ap
NZ2405_A2,1.2991400594664662,0.009849100095075608,5.796109839682636e-14,4.3941733269722527e-16,nan,ap
DR_MH_7,3.0924995707763223,0.02293278272156062,1.3797178418739725e-13,1.023145477003686e-15,nan,ap
NZ2405_A3,0.913527423976419,0.007131336871145417,4.075700115893722e-14,3.181644004258685e-16,nan,ap
NZ2405_A4,1.5098525109074388,0.011230869839756668,6.736202868329788e-14,5.010649522511228e-16,nan,ap
NZ2405_A5,0.6371441390268008,0.0050261672777515915,2.8426168422717977e-14,2.242423163090743e-16,nan,ap
NZ2405_A6,0.6664074075551867,0.005072090953410891,2.973174835170816e-14,2.2629119984879494e-16,nan,ap
NZ2517_A1,0.6733409962997863,0.005523965694712603,3.004109022484992e-14,2.4645157913413947e-16,nan,ap
NZ2517_A2,0.21217789058475797,0.0018826604516500001,9.46631081398938e-15,8.399484481350941e-17,nan,ap
NZ2517_A3,0.0633380802479514,0.0008339548240217726,2.8258267265080486e-15,3.72068717775396e-17,nan,ap
NZ2517_A4,0.45014774413156755,0.0036291295379778043,2.008332935359898e-14,1.6191351556963521e-16,nan,ap
NZ2517_A5,0.020337357532997972,0.00047942550342444223,9.073506528508064e-16,2.1389555787652458e-17,nan,ap
NZ2517_A6,0.09084267672548885,0.001056233398380547,4.0529435498121195e-15,4.7123824323215267e-17,nan,ap
NZ2518_A1,0.3519830765037427,0.0028772262303383743,1.5703715378948097e-14,1.283673699624509e-16,nan,ap
NZ2518_A2,1.512585018438557,0.011399572506501221,6.748393943243316e-14,5.085916171366655e-16,nan,ap
NZ2518_A3,0.6508563474702277,0.005087265491655039,2.903793822924189e-14,2.2696821145958057e-16,nan,ap
NZ2518_A4,1.3308290531523184,0.009791229625022897,5.937490198770046e-14,4.3683544325077613e-16,nan,ap
NZ2518_A5,0.7690041380027788,0.0062974031570522575,3.430909868844378e-14,2.8095847046721945e-16,nan,ap
NZ2516_A2,0.1676191507466813,0.001482739261448459,7.478323848785637e-15,6.61523717965762e-17,nan,ap
NZ2516_A3,0.07438668909253046,0.0008478069802840053,3.3187601094195797e-15,3.7824885352190833e-17,nan,ap
NZ2516_A4,0.1548843607971489,0.001464427986781698,6.910161541766258e-15,6.533541477566243e-17,nan,ap
NZ2516_A5,0.11521300672593604,0.0013208035931775626,5.1402251595402885e-15,5.892761636377096e-17,nan,ap
NZ2516_A6,-0.00011362571479169458,0.00023455984225924565,-5.0694081730924685e-18,1.0464880978818846e-17,nan,ap
NZ2406_A1,0.36346749313737486,0.0031649672927645985,1.6216092314507666e-14,1.4120492963168548e-16,nan,ap
NZ2406_A2,0.01689545017495655,0.0004204097534604222,7.53790049743756e-16,1.8756569709129213e-17,nan,ap
NZ2406_A3,0.03671712784477036,0.0005383002062952434,1.6381336595328973e-15,2.401624905395036e-17,nan,ap
DR_MH_8,1.734121163739288,0.013600597509015848,7.736776852588953e-14,6.067902877226664e-16,nan,ap
NZ2406_A4,0.024529827464710965,0.00037100496136392946,1.094397584755553e-15,1.6552376254302197e-17,nan,ap
NZ2406_A5,0.0070764093750077485,0.0003322487654603343,3.1571381168054555e-16,1.482326962881834e-17,nan,ap
NZ2415_A3,0.22542181731069594,0.002639772750511129,1.005718824443187e-14,1.1777338942228646e-16,nan,ap
NZ2409_A1,0.18895496254545835,0.0016164075061796885,8.430220511531111e-15,7.211597689746089e-17,nan,ap
NZ2409_A2,0.3128544433765115,0.0027576171449330404,1.395799247686765e-14,1.2303101387226914e-16,nan,ap
NZ2409_A3,0.3516949848587498,0.0031908728565872096,1.5690862178047194e-14,1.4236070565660789e-16,odd coupling with a few temperature spikes to 900,ap
NZ2409_A4,0.11932472741353074,0.0010855643253445872,5.323669466116299e-15,4.843242283147082e-17,nan,ap
NZ2409_A5,0.11205810880375242,0.001052106129496814,4.9994694746030334e-15,4.693968633429169e-17,nan,ap
NZ2415_A1,1.0320820481044914,0.008374649594088618,4.604631248793126e-14,3.736347637230578e-16,nan,ap
NZ2415_A2,0.42725593694173086,0.0037050545552191378,1.9062011998828002e-14,1.6530090814754784e-16,nan,ap
DR_MH_9,2.618485321996025,0.020257289187872365,1.1682365137842532e-13,9.03778405812098e-16,nan,ap
NZ2515_A4,0.0003507317988800531,0.00023071054516259233,1.5647889661820874e-17,1.0293144693610793e-17,nan,ap
NZ2515_A5,0.004416386704698067,0.00031021168839463835,1.970369726375509e-16,1.3840086035274307e-17,nan,ap
NZ2515_A6,0.11953099605584218,0.0011499390375912931,5.332872135979396e-15,5.130449886639123e-17,nan,ap
NZ2419_A1,0.16024393861359182,0.001597566367429341,7.149278960185233e-15,7.127538000487824e-17,nan,ap
NZ941466_A4,0.00662628911131253,0.0002722104156084748,2.9563170836586637e-16,1.214466028412933e-17,nan,ap
NZ2415_A4,0.6819038050372151,0.005284740295833657,3.0423119703632333e-14,2.3577854447370644e-16,nan,ap
NZ2415_A5,0.0427208008865764,0.0005915655399781523,1.905987368902311e-15,2.639268046659018e-17,nan,ap
NZ2414_A1,0.33981585234797823,0.0028112147472539872,1.5160875004371295e-14,1.2542226944115226e-16,nan,ap
NZ2414_A2,0.4654725063127246,0.0038430929810505,2.076704320124585e-14,1.714594887592799e-16,nan,ap
NZ2414_A3,0.6386348421913688,0.005108959283986593,2.8492676103835493e-14,2.279360794140534e-16,nan,ap
NZ2414_A4,0.8227277124120249,0.006569643031959353,3.6705974498618046e-14,2.93104445077155e-16,"coupled very well and/or laser malfunction. 1000C for 3 min. if older age, likely from volatization ",ap
NZ2414_A5,0.2398152141268576,0.0030246296782058895,1.0699349251666708e-14,1.3494377077745557e-16,nan,ap
NZ2414_A6,0.0033539105265169497,0.0002551931772676421,1.4963462686343131e-16,1.1385436658679489e-17,nan,ap
NZ2418_A1,0.2610370277301454,0.0025839444568467014,1.1646159888022906e-14,1.1528261161982247e-16,nan,ap
NZ2418_A2,0.5516586895883093,0.004346114304479578,2.461223742251759e-14,1.9390177141427578e-16,nan,ap
NZ2418_A3,0.30703277871970003,0.0027240910914869323,1.3698259066641386e-14,1.2153524991018702e-16,nan,ap
NZ2418_A4,0.314847760047731,0.002951931704865931,1.4046924245905729e-14,1.3170035267537838e-16,nan,ap
NZ941455_A1,0.0044094499550325,0.00029758123143845704,1.9672748974000624e-16,1.3276578541913848e-17,nan,ap
NZ941455_A2,0.008710959640669456,0.00036035261932238166,3.8863922729853906e-16,1.607712230402345e-17,nan,ap
NZ941455_A3,0.009304811022793943,0.00040279915577173743,4.1513389055027855e-16,1.7970873372523307e-17,nan,ap
NZ941457_A1,0.00039785513413675473,0.000274099519622438,1.775029598183076e-17,1.222894260830008e-17,nan,ap
NZ941457_A2,1.064853832465227,0.008391682597606002,4.7508424755297e-14,3.743946907114304e-16,nan,ap
NZ941457_A3,0.008816307227123635,0.00040637102142217273,3.9333930700114367e-16,1.813023206130868e-17,nan,ap
NZ941460_A1,0.00713373536602382,0.00036314938084231217,3.182714092095931e-16,1.6201899743120912e-17,nan,ap
DR_MH_10,1.8284628180650027,0.013850780642327887,8.157681886611058e-14,6.179522014066157e-16,nan,ap
NZ941460_A2,0.05500283206045555,0.0006441750517299318,2.4539498554678123e-15,2.873985240162094e-17,nan,ap
NZ941460_A3,0.01635220475568068,0.000351257829542847,7.295531701472596e-16,1.5671358505525432e-17,nan,ap
NZ941460_A4,0.0061609131057171205,0.000328602826234447,2.748689705414973e-16,1.46606061494801e-17,nan,ap
NZ941460_A5,0.007756730620885104,0.00029353735413522697,3.4606632555033026e-16,1.30961610660849e-17,brief temperature spike to 1000 after odd coupling,ap
NZ941460_A6,0.0016159504918861248,0.0003478378415159599,7.209558721719125e-17,1.5518775832781293e-17,nan,ap
NZ941461_A1,0.33831486353418805,0.002899145182024933,1.5093908429293657e-14,1.293452833954195e-16,nan,ap
NZ941461_A2,0.4297453724190623,0.003623907642888841,1.9173078094898825e-14,1.616805408623557e-16,nan,ap
NZ941461_A3,0.0015457628608306411,0.00034676262144467173,6.896416796781658e-17,1.5470804918563028e-17,nan,ap
NZ941461_A4,0.07834891016544766,0.0008733706844353552,3.4955344947554056e-15,3.896540931718369e-17,nan,ap
NZ941461_A5,0.1800406726396278,0.0016526872395459197,8.032509709986071e-15,7.373459621423751e-17,nan,ap
NZ941462_A1,0.019604857234367112,0.00042303312546361087,8.746701719624838e-16,1.8873611379656056e-17,nan,ap
NZ941462_A2,1.6898732688756706,0.012927438940646222,7.53936499007616e-14,5.767573365149558e-16,nan,ap
NZ941462_A3,0.0009137149685440931,0.0002959160845098998,4.076536845471995e-17,1.3202288057013464e-17,nan,ap
NZ941462_A4,0.00023966944941533367,0.0002953122413652425,1.0692845963029074e-17,1.3175347611548251e-17,nan,ap
NZ941463_A1,0.00013675135409482348,0.00036304878855325024,6.101157941234205e-18,1.6197411820882047e-17,nan,ap
DR_MH_11,1.3164908698225435,0.010135738449411166,5.873520432865814e-14,4.522056950750052e-16,nan,ap
Nz941463_A2,0.00012073175855128483,0.00022650948856885734,5.3864441220346575e-18,1.0105714668013622e-17,nan,ap
NZ941463_A3,0.13090900177863615,0.0014346623428515156,5.840501551647905e-15,6.400742138179331e-17,nan,ap
NZ941463_A4,0.00811068894105954,0.00043667553408384234,3.6185816637188987e-16,1.948226706896771e-17,nan,ap
NZ941463_A5,0.0005535360344502293,0.00030327376640064174,2.469599511243996e-17,1.353055083432862e-17,"laser unable to be centered on grain due to positioning, maximum temperature ~650C",ap
NZ941466_A1,0.0023800345381668757,0.0002594112480454467,1.061851761473577e-16,1.157362577163588e-17,nan,ap
NZ941466_A2,0.002631643269890178,0.000330830582318336,1.1741069286562763e-16,1.4759997426534132e-17,nan,ap
NZ941466_A3,0.008756182852009447,0.00034039869661345263,3.90656859641717e-16,1.518687858541325e-17,nan,ap
